Index,Cathode,O,N,SSA,PV,RMIC,Dap,ID/IG,M,Anion,AML,PW,CD,Cs,Ref
1,N-3D-PCN,7.15,3.52,1546.1,0.5753,93.9857465670085,1.4883901429403,1.029,2,SO4,1.0,1.6,0.1,85.0,10.1016/j.jallcom.2023.172407
2,NPC,21.55,3.29,1140.8,0.86,20.9302325581395,3.01542776998597,0.82,1,OTf,2.5,1.8,0.1,90.2,10.1016/j.jallcom.2022.164536
3,NPC,21.55,3.29,1140.8,0.86,20.9302325581395,3.01542776998597,0.82,1,OTf,2.5,1.8,0.25,86.3,10.1016/j.jallcom.2022.164536
4,NPC,21.55,3.29,1140.8,0.86,20.9302325581395,3.01542776998597,0.82,1,OTf,2.5,1.8,0.5,79.9,10.1016/j.jallcom.2022.164536
5,NPC,21.55,3.29,1140.8,0.86,20.9302325581395,3.01542776998597,0.82,1,OTf,2.5,1.8,1.0,70.3,10.1016/j.jallcom.2022.164536
6,NPC,21.55,3.29,1140.8,0.86,20.9302325581395,3.01542776998597,0.82,1,OTf,2.5,1.8,2.0,64.8,10.1016/j.jallcom.2022.164536
7,NPC,21.55,3.29,1140.8,0.86,20.9302325581395,3.01542776998597,0.82,1,OTf,2.5,1.8,5.0,51.5,10.1016/j.jallcom.2022.164536
8,NPC,21.55,3.29,1140.8,0.86,20.9302325581395,3.01542776998597,0.82,1,OTf,2.5,1.8,10.0,38.5,10.1016/j.jallcom.2022.164536
9,NPC,21.55,3.29,1140.8,0.86,20.9302325581395,3.01542776998597,0.82,1,OTf,2.5,1.8,20.0,23.3,10.1016/j.jallcom.2022.164536
10,N-HPC,8.2,5.3,879.0,0.447,60.6263982102908,2.03412969283276,2.27,2,SO4,1.0,1.6,0.1,136.8,10.1007/s12274-019-2521-6
11,N-HPC,8.2,5.3,879.0,0.447,60.6263982102908,2.03412969283276,2.27,2,SO4,1.0,1.6,0.5,110.9,10.1007/s12274-019-2521-6
12,N-HPC,8.2,5.3,879.0,0.447,60.6263982102908,2.03412969283276,2.27,2,SO4,1.0,1.6,1.0,102.6,10.1007/s12274-019-2521-6
13,N-HPC,8.2,5.3,879.0,0.447,60.6263982102908,2.03412969283276,2.27,2,SO4,1.0,1.6,5.0,76.1,10.1007/s12274-019-2521-6
14,N-HPC,8.2,5.3,879.0,0.447,60.6263982102908,2.03412969283276,2.27,2,SO4,1.0,1.6,10.0,66.5,10.1007/s12274-019-2521-6
15,SS-0.7,5.68,1.49,1640.1,1.41,32.6241134751773,7.91,0.95,2,SO4,2.0,1.6,0.05,109.66,10.1016/j.diamond.2023.110041
16,SS-0.7,5.68,1.49,1640.1,1.41,32.6241134751773,7.91,0.95,2,SO4,2.0,1.6,0.1,93.3,10.1016/j.diamond.2023.110041
17,SS-0.7,5.68,1.49,1640.1,1.41,32.6241134751773,7.91,0.95,2,SO4,2.0,1.6,0.2,84.6,10.1016/j.diamond.2023.110041
18,SS-0.7,5.68,1.49,1640.1,1.41,32.6241134751773,7.91,0.95,2,SO4,2.0,1.6,0.3,81.0,10.1016/j.diamond.2023.110041
19,SS-0.7,5.68,1.49,1640.1,1.41,32.6241134751773,7.91,0.95,2,SO4,2.0,1.6,0.5,76.3,10.1016/j.diamond.2023.110041
20,SS-0.7,5.68,1.49,1640.1,1.41,32.6241134751773,7.91,0.95,2,SO4,2.0,1.6,1.0,71.6,10.1016/j.diamond.2023.110041
21,SS-0.7,5.68,1.49,1640.1,1.41,32.6241134751773,7.91,0.95,2,SO4,2.0,1.6,2.0,67.6,10.1016/j.diamond.2023.110041
22,SS-0.7,5.68,1.49,1640.1,1.41,32.6241134751773,7.91,0.95,2,SO4,2.0,1.6,3.0,65.1,10.1016/j.diamond.2023.110041
23,SS-0.7,5.68,1.49,1640.1,1.41,32.6241134751773,7.91,0.95,2,SO4,2.0,1.6,5.0,62.4,10.1016/j.diamond.2023.110041
24,SS-0.7,5.68,1.49,1640.1,1.41,32.6241134751773,7.91,0.95,2,SO4,2.0,1.6,10.0,59.5,10.1016/j.diamond.2023.110041
25,SS-0.7,5.68,1.49,1640.1,1.41,32.6241134751773,7.91,0.95,2,SO4,2.0,1.6,15.0,58.4,10.1016/j.diamond.2023.110041
26,SS-0.7,5.68,1.49,1640.1,1.41,32.6241134751773,7.91,0.95,2,SO4,2.0,1.6,20.0,57.1,10.1016/j.diamond.2023.110041
27,LPCS-600,11.5,6.7,642.0,1.03,14.5631067961165,3.73,0.964,1,SO4,2.0,1.6,0.1,133.7,10.1016/j.jcis.2023.03.024
28,LPCS-600,11.5,6.7,642.0,1.03,14.5631067961165,3.73,0.964,1,SO4,2.0,1.6,0.2,102.5,10.1016/j.jcis.2023.03.024
29,LPCS-600,11.5,6.7,642.0,1.03,14.5631067961165,3.73,0.964,1,SO4,2.0,1.6,0.5,84.3,10.1016/j.jcis.2023.03.024
30,LPCS-600,11.5,6.7,642.0,1.03,14.5631067961165,3.73,0.964,1,SO4,2.0,1.6,1.0,75.0,10.1016/j.jcis.2023.03.024
31,LPCS-600,11.5,6.7,642.0,1.03,14.5631067961165,3.73,0.964,1,SO4,2.0,1.6,2.0,69.1,10.1016/j.jcis.2023.03.024
32,LPCS-600,11.5,6.7,642.0,1.03,14.5631067961165,3.73,0.964,1,SO4,2.0,1.6,5.0,61.7,10.1016/j.jcis.2023.03.024
33,LPCS-600,11.5,6.7,642.0,1.03,14.5631067961165,3.73,0.964,1,SO4,2.0,1.6,10.0,56.6,10.1016/j.jcis.2023.03.024
34,LPCS-600,11.5,6.7,642.0,1.03,14.5631067961165,3.73,0.964,1,SO4,2.0,1.6,20.0,51.9,10.1016/j.jcis.2023.03.024
35,LPCS-600,11.5,6.7,642.0,1.03,14.5631067961165,3.73,0.964,1,SO4,2.0,1.6,50.0,45.6,10.1016/j.jcis.2023.03.024
36,LPCS-600,11.5,6.7,642.0,1.03,14.5631067961165,3.73,0.964,1,SO4,2.0,1.6,100.0,39.7,10.1016/j.jcis.2023.03.024
37,LPCS-600,11.5,6.7,642.0,1.03,14.5631067961165,3.73,0.964,1,SO4,2.0,1.6,200.0,30.6,10.1016/j.jcis.2023.03.024
38,LPCS-700,14.9,3.1,620.0,0.86,15.1162790697674,3.66,0.962,1,SO4,2.0,1.6,0.1,104.4,10.1016/j.jcis.2023.03.024
39,LPCS-700,14.9,3.1,620.0,0.86,15.1162790697674,3.66,0.962,1,SO4,2.0,1.6,0.2,83.0,10.1016/j.jcis.2023.03.024
40,LPCS-700,14.9,3.1,620.0,0.86,15.1162790697674,3.66,0.962,1,SO4,2.0,1.6,0.5,69.7,10.1016/j.jcis.2023.03.024
41,LPCS-700,14.9,3.1,620.0,0.86,15.1162790697674,3.66,0.962,1,SO4,2.0,1.6,1.0,61.7,10.1016/j.jcis.2023.03.024
42,LPCS-700,14.9,3.1,620.0,0.86,15.1162790697674,3.66,0.962,1,SO4,2.0,1.6,2.0,56.0,10.1016/j.jcis.2023.03.024
43,LPCS-700,14.9,3.1,620.0,0.86,15.1162790697674,3.66,0.962,1,SO4,2.0,1.6,5.0,50.4,10.1016/j.jcis.2023.03.024
44,LPCS-700,14.9,3.1,620.0,0.86,15.1162790697674,3.66,0.962,1,SO4,2.0,1.6,10.0,46.6,10.1016/j.jcis.2023.03.024
45,LPCS-700,14.9,3.1,620.0,0.86,15.1162790697674,3.66,0.962,1,SO4,2.0,1.6,20.0,43.7,10.1016/j.jcis.2023.03.024
46,LPCS-700,14.9,3.1,620.0,0.86,15.1162790697674,3.66,0.962,1,SO4,2.0,1.6,50.0,39.1,10.1016/j.jcis.2023.03.024
47,LPCS-700,14.9,3.1,620.0,0.86,15.1162790697674,3.66,0.962,1,SO4,2.0,1.6,100.0,35.4,10.1016/j.jcis.2023.03.024
48,LPCS-700,14.9,3.1,620.0,0.86,15.1162790697674,3.66,0.962,1,SO4,2.0,1.6,200.0,30.4,10.1016/j.jcis.2023.03.024
49,LPCS-800,11.2,4.2,697.0,0.83,21.6867469879518,3.21,0.958,1,SO4,2.0,1.6,0.1,92.4,10.1016/j.jcis.2023.03.024
50,LPCS-800,11.2,4.2,697.0,0.83,21.6867469879518,3.21,0.958,1,SO4,2.0,1.6,0.2,73.1,10.1016/j.jcis.2023.03.024
51,LPCS-800,11.2,4.2,697.0,0.83,21.6867469879518,3.21,0.958,1,SO4,2.0,1.6,0.5,62.4,10.1016/j.jcis.2023.03.024
52,LPCS-800,11.2,4.2,697.0,0.83,21.6867469879518,3.21,0.958,1,SO4,2.0,1.6,1.0,56.0,10.1016/j.jcis.2023.03.024
53,LPCS-800,11.2,4.2,697.0,0.83,21.6867469879518,3.21,0.958,1,SO4,2.0,1.6,2.0,51.3,10.1016/j.jcis.2023.03.024
54,LPCS-800,11.2,4.2,697.0,0.83,21.6867469879518,3.21,0.958,1,SO4,2.0,1.6,5.0,45.7,10.1016/j.jcis.2023.03.024
55,LPCS-800,11.2,4.2,697.0,0.83,21.6867469879518,3.21,0.958,1,SO4,2.0,1.6,10.0,42.3,10.1016/j.jcis.2023.03.024
56,LPCS-800,11.2,4.2,697.0,0.83,21.6867469879518,3.21,0.958,1,SO4,2.0,1.6,20.0,38.9,10.1016/j.jcis.2023.03.024
57,LPCS-800,11.2,4.2,697.0,0.83,21.6867469879518,3.21,0.958,1,SO4,2.0,1.6,50.0,33.3,10.1016/j.jcis.2023.03.024
58,LPCS-800,11.2,4.2,697.0,0.83,21.6867469879518,3.21,0.958,1,SO4,2.0,1.6,100.0,28.7,10.1016/j.jcis.2023.03.024
59,LPCS-800,11.2,4.2,697.0,0.83,21.6867469879518,3.21,0.958,1,SO4,2.0,1.6,200.0,27.2,10.1016/j.jcis.2023.03.024
60,NPCN750,12.04,8.29,1530.9,0.96,38.5416666666667,2.50832843425436,0.86,1,OTf,2.4,1.6,0.1,204.7,10.1016/j.jpowsour.2022.232348
61,NPCN750,12.04,8.29,1530.9,0.96,38.5416666666667,2.50832843425436,0.86,1,OTf,2.4,1.6,0.2,181.5,10.1016/j.jpowsour.2022.232348
62,NPCN750,12.04,8.29,1530.9,0.96,38.5416666666667,2.50832843425436,0.86,1,OTf,2.4,1.6,0.5,165.9,10.1016/j.jpowsour.2022.232348
63,NPCN750,12.04,8.29,1530.9,0.96,38.5416666666667,2.50832843425436,0.86,1,OTf,2.4,1.6,1.0,152.7,10.1016/j.jpowsour.2022.232348
64,NPCN750,12.04,8.29,1530.9,0.96,38.5416666666667,2.50832843425436,0.86,1,OTf,2.4,1.6,2.0,141.1,10.1016/j.jpowsour.2022.232348
65,NPCN750,12.04,8.29,1530.9,0.96,38.5416666666667,2.50832843425436,0.86,1,OTf,2.4,1.6,5.0,134.2,10.1016/j.jpowsour.2022.232348
66,NPCN750,12.04,8.29,1530.9,0.96,38.5416666666667,2.50832843425436,0.86,1,OTf,2.4,1.6,10.0,128.6,10.1016/j.jpowsour.2022.232348
67,SMC-700,20.61,3.95,544.83,0.26,95.4462859974671,1.90885230255309,0.96,2,SO4,2.0,1.8,0.1,134.5,10.1016/j.carbon.2023.118774
68,SMC-700,20.61,3.95,544.83,0.26,95.4462859974671,1.90885230255309,0.96,2,SO4,2.0,1.8,0.2,110.2,10.1016/j.carbon.2023.118774
69,SMC-700,20.61,3.95,544.83,0.26,95.4462859974671,1.90885230255309,0.96,2,SO4,2.0,1.8,0.4,93.0,10.1016/j.carbon.2023.118774
70,SMC-700,20.61,3.95,544.83,0.26,95.4462859974671,1.90885230255309,0.96,2,SO4,2.0,1.8,0.5,86.7,10.1016/j.carbon.2023.118774
71,SMC-700,20.61,3.95,544.83,0.26,95.4462859974671,1.90885230255309,0.96,2,SO4,2.0,1.8,1.0,72.9,10.1016/j.carbon.2023.118774
72,SMC-700,20.61,3.95,544.83,0.26,95.4462859974671,1.90885230255309,0.96,2,SO4,2.0,1.8,2.0,57.0,10.1016/j.carbon.2023.118774
73,SMC-700,20.61,3.95,544.83,0.26,95.4462859974671,1.90885230255309,0.96,2,SO4,2.0,1.8,3.0,48.0,10.1016/j.carbon.2023.118774
74,SMC-700,20.61,3.95,544.83,0.26,95.4462859974671,1.90885230255309,0.96,2,SO4,2.0,1.8,4.0,41.5,10.1016/j.carbon.2023.118774
75,SMC-800,18.15,3.51,648.22,0.32,94.9369041374842,1.97463824010367,1.01,2,SO4,2.0,1.8,0.1,156.54,10.1016/j.carbon.2023.118774
76,SMC-800,18.15,3.51,648.22,0.32,94.9369041374842,1.97463824010367,1.01,2,SO4,2.0,1.8,0.2,132.3,10.1016/j.carbon.2023.118774
77,SMC-800,18.15,3.51,648.22,0.32,94.9369041374842,1.97463824010367,1.01,2,SO4,2.0,1.8,0.3,111.55,10.1016/j.carbon.2023.118774
78,SMC-800,18.15,3.51,648.22,0.32,94.9369041374842,1.97463824010367,1.01,2,SO4,2.0,1.8,0.4,105.4,10.1016/j.carbon.2023.118774
79,SMC-800,18.15,3.51,648.22,0.32,94.9369041374842,1.97463824010367,1.01,2,SO4,2.0,1.8,0.5,98.5,10.1016/j.carbon.2023.118774
80,SMC-800,18.15,3.51,648.22,0.32,94.9369041374842,1.97463824010367,1.01,2,SO4,2.0,1.8,1.0,86.8,10.1016/j.carbon.2023.118774
81,SMC-800,18.15,3.51,648.22,0.32,94.9369041374842,1.97463824010367,1.01,2,SO4,2.0,1.8,2.0,70.5,10.1016/j.carbon.2023.118774
82,SMC-800,18.15,3.51,648.22,0.32,94.9369041374842,1.97463824010367,1.01,2,SO4,2.0,1.8,3.0,59.2,10.1016/j.carbon.2023.118774
83,SMC-800,18.15,3.51,648.22,0.32,94.9369041374842,1.97463824010367,1.01,2,SO4,2.0,1.8,4.0,51.8,10.1016/j.carbon.2023.118774
84,SMC-900,15.17,1.8,225.22,0.1,92.0122546843087,1.81,1.08,2,SO4,2.0,1.8,0.1,84.5,10.1016/j.carbon.2023.118774
85,SMC-900,15.17,1.8,225.22,0.1,92.0122546843087,1.81,1.08,2,SO4,2.0,1.8,0.2,63.4,10.1016/j.carbon.2023.118774
86,SMC-900,15.17,1.8,225.22,0.1,92.0122546843087,1.81,1.08,2,SO4,2.0,1.8,0.4,50.7,10.1016/j.carbon.2023.118774
87,SMC-900,15.17,1.8,225.22,0.1,92.0122546843087,1.81,1.08,2,SO4,2.0,1.8,0.5,45.0,10.1016/j.carbon.2023.118774
88,SMC-900,15.17,1.8,225.22,0.1,92.0122546843087,1.81,1.08,2,SO4,2.0,1.8,1.0,34.5,10.1016/j.carbon.2023.118774
89,SMC-900,15.17,1.8,225.22,0.1,92.0122546843087,1.81,1.08,2,SO4,2.0,1.8,2.0,24.5,10.1016/j.carbon.2023.118774
90,SMC-900,15.17,1.8,225.22,0.1,92.0122546843087,1.81,1.08,2,SO4,2.0,1.8,3.0,19.7,10.1016/j.carbon.2023.118774
91,SMC-900,15.17,1.8,225.22,0.1,92.0122546843087,1.81,1.08,2,SO4,2.0,1.8,4.0,17.0,10.1016/j.carbon.2023.118774
92,CSAC,11.92,0.0,2228.0,1.07,59.8130841121495,1.92100538599641,1.5,1,SO4,2.0,1.75,0.2,153.0,10.3390/molecules28207187
93,CSAC,11.92,0.0,2228.0,1.07,59.8130841121495,1.92100538599641,1.5,1,SO4,2.0,1.75,0.5,125.0,10.3390/molecules28207187
94,CSAC,11.92,0.0,2228.0,1.07,59.8130841121495,1.92100538599641,1.5,1,SO4,2.0,1.75,1.0,110.0,10.3390/molecules28207187
95,CSAC,11.92,0.0,2228.0,1.07,59.8130841121495,1.92100538599641,1.5,1,SO4,2.0,1.75,2.0,98.0,10.3390/molecules28207187
96,CSAC,11.92,0.0,2228.0,1.07,59.8130841121495,1.92100538599641,1.5,1,SO4,2.0,1.75,5.0,84.0,10.3390/molecules28207187
97,CSAC,11.92,0.0,2228.0,1.07,59.8130841121495,1.92100538599641,1.5,1,SO4,2.0,1.75,10.0,75.0,10.3390/molecules28207187
98,N-CNC,5.5,2.53,947.0,0.54,50.0,2.27,0.855,1,SO4,,1.6,0.5,117.9,10.1007/s12274-021-4003-x
99,N-CNC,5.5,2.53,947.0,0.54,50.0,2.27,0.855,1,SO4,,1.6,20.0,71.0,10.1007/s12274-021-4003-x
100,AL-KNPC-700,9.64,3.44,1624.0,0.918,65.2505446623094,2.26108374384236,0.999,1,SO4,2.0,1.6,0.1,119.9,10.1016/j.cej.2023.147994
101,AL-KNPC-700,9.64,3.44,1624.0,0.918,65.2505446623094,2.26108374384236,0.999,1,SO4,2.0,1.6,0.2,108.3,10.1016/j.cej.2023.147994
102,AL-KNPC-700,9.64,3.44,1624.0,0.918,65.2505446623094,2.26108374384236,0.999,1,SO4,2.0,1.6,0.5,100.2,10.1016/j.cej.2023.147994
103,AL-KNPC-700,9.64,3.44,1624.0,0.918,65.2505446623094,2.26108374384236,0.999,1,SO4,2.0,1.6,1.0,94.6,10.1016/j.cej.2023.147994
104,AL-KNPC-700,9.64,3.44,1624.0,0.918,65.2505446623094,2.26108374384236,0.999,1,SO4,2.0,1.6,2.0,90.4,10.1016/j.cej.2023.147994
105,AL-KNPC-700,9.64,3.44,1624.0,0.918,65.2505446623094,2.26108374384236,0.999,1,SO4,2.0,1.6,5.0,84.8,10.1016/j.cej.2023.147994
106,AL-KNPC-700,9.64,3.44,1624.0,0.918,65.2505446623094,2.26108374384236,0.999,1,SO4,2.0,1.6,20.0,81.1,10.1016/j.cej.2023.147994
107,AL-KNPC-800,8.42,1.64,1949.0,1.133,45.8075904677846,2.32529502308876,0.917,1,SO4,2.0,1.6,0.1,159.9,10.1016/j.cej.2023.147994
108,AL-KNPC-800,8.42,1.64,1949.0,1.133,45.8075904677846,2.32529502308876,0.917,1,SO4,2.0,1.6,0.2,139.2,10.1016/j.cej.2023.147994
109,AL-KNPC-800,8.42,1.64,1949.0,1.133,45.8075904677846,2.32529502308876,0.917,1,SO4,2.0,1.6,0.5,124.8,10.1016/j.cej.2023.147994
110,AL-KNPC-800,8.42,1.64,1949.0,1.133,45.8075904677846,2.32529502308876,0.917,1,SO4,2.0,1.6,1.0,116.0,10.1016/j.cej.2023.147994
111,AL-KNPC-800,8.42,1.64,1949.0,1.133,45.8075904677846,2.32529502308876,0.917,1,SO4,2.0,1.6,2.0,109.9,10.1016/j.cej.2023.147994
112,AL-KNPC-800,8.42,1.64,1949.0,1.133,45.8075904677846,2.32529502308876,0.917,1,SO4,2.0,1.6,5.0,101.9,10.1016/j.cej.2023.147994
113,AL-KNPC-800,8.42,1.64,1949.0,1.133,45.8075904677846,2.32529502308876,0.917,1,SO4,2.0,1.6,20.0,94.0,10.1016/j.cej.2023.147994
114,AL-KNPC-900,5.52,0.89,2276.0,1.331,20.961682945154,2.33919156414763,0.872,1,SO4,2.0,1.6,0.1,114.2,10.1016/j.cej.2023.147994
115,AL-KNPC-900,5.52,0.89,2276.0,1.331,20.961682945154,2.33919156414763,0.872,1,SO4,2.0,1.6,0.2,104.8,10.1016/j.cej.2023.147994
116,AL-KNPC-900,5.52,0.89,2276.0,1.331,20.961682945154,2.33919156414763,0.872,1,SO4,2.0,1.6,0.5,95.6,10.1016/j.cej.2023.147994
117,AL-KNPC-900,5.52,0.89,2276.0,1.331,20.961682945154,2.33919156414763,0.872,1,SO4,2.0,1.6,1.0,90.0,10.1016/j.cej.2023.147994
118,AL-KNPC-900,5.52,0.89,2276.0,1.331,20.961682945154,2.33919156414763,0.872,1,SO4,2.0,1.6,2.0,86.8,10.1016/j.cej.2023.147994
119,AL-KNPC-900,5.52,0.89,2276.0,1.331,20.961682945154,2.33919156414763,0.872,1,SO4,2.0,1.6,5.0,82.4,10.1016/j.cej.2023.147994
120,AL-KNPC-900,5.52,0.89,2276.0,1.331,20.961682945154,2.33919156414763,0.872,1,SO4,2.0,1.6,20.0,78.5,10.1016/j.cej.2023.147994
121,PCNF-3,7.71,0.0,804.0,0.315,62.1890547263682,1.56716417910448,0.97,1,SO4,1.2,1.6,0.5,48.3,10.1016/j.apsusc.2020.145384
122,PCNF-3,7.71,0.0,804.0,0.315,62.1890547263682,1.56716417910448,0.97,1,SO4,1.2,1.6,1.0,43.4,10.1016/j.apsusc.2020.145384
123,PCNF-3,7.71,0.0,804.0,0.315,62.1890547263682,1.56716417910448,0.97,1,SO4,1.2,1.6,2.0,38.9,10.1016/j.apsusc.2020.145384
124,PCNF-3,7.71,0.0,804.0,0.315,62.1890547263682,1.56716417910448,0.97,1,SO4,1.2,1.6,3.0,36.5,10.1016/j.apsusc.2020.145384
125,PCNF-3,7.71,0.0,804.0,0.315,62.1890547263682,1.56716417910448,0.97,1,SO4,1.2,1.6,4.0,34.8,10.1016/j.apsusc.2020.145384
126,PCNF-3,7.71,0.0,804.0,0.315,62.1890547263682,1.56716417910448,0.97,1,SO4,1.2,1.6,5.0,33.2,10.1016/j.apsusc.2020.145384
127,PCNF-3,7.71,0.0,804.0,0.315,62.1890547263682,1.56716417910448,0.97,1,SO4,1.2,1.6,7.0,30.2,10.1016/j.apsusc.2020.145384
128,PCNF-3,7.71,0.0,804.0,0.315,62.1890547263682,1.56716417910448,0.97,1,SO4,1.2,1.6,10.0,26.7,10.1016/j.apsusc.2020.145384
129,PCNF-3,7.71,0.0,804.0,0.315,62.1890547263682,1.56716417910448,0.97,1,SO4,1.2,1.6,15.0,24.7,10.1016/j.apsusc.2020.145384
130,PCNF-3,7.71,0.0,804.0,0.315,62.1890547263682,1.56716417910448,0.97,1,SO4,1.2,1.6,20.0,21.6,10.1016/j.apsusc.2020.145384
131,PCNF-4,8.06,0.0,1770.0,0.721,57.6271186440678,1.62937853107345,1.1,1,SO4,1.2,1.6,0.5,177.7,10.1016/j.apsusc.2020.145384
132,PCNF-4,8.06,0.0,1770.0,0.721,57.6271186440678,1.62937853107345,1.1,1,SO4,1.2,1.6,1.0,148.5,10.1016/j.apsusc.2020.145384
133,PCNF-4,8.06,0.0,1770.0,0.721,57.6271186440678,1.62937853107345,1.1,1,SO4,1.2,1.6,2.0,135.5,10.1016/j.apsusc.2020.145384
134,PCNF-4,8.06,0.0,1770.0,0.721,57.6271186440678,1.62937853107345,1.1,1,SO4,1.2,1.6,3.0,127.9,10.1016/j.apsusc.2020.145384
135,PCNF-4,8.06,0.0,1770.0,0.721,57.6271186440678,1.62937853107345,1.1,1,SO4,1.2,1.6,4.0,122.1,10.1016/j.apsusc.2020.145384
136,PCNF-4,8.06,0.0,1770.0,0.721,57.6271186440678,1.62937853107345,1.1,1,SO4,1.2,1.6,5.0,117.0,10.1016/j.apsusc.2020.145384
137,PCNF-4,8.06,0.0,1770.0,0.721,57.6271186440678,1.62937853107345,1.1,1,SO4,1.2,1.6,7.0,107.5,10.1016/j.apsusc.2020.145384
138,PCNF-4,8.06,0.0,1770.0,0.721,57.6271186440678,1.62937853107345,1.1,1,SO4,1.2,1.6,10.0,102.9,10.1016/j.apsusc.2020.145384
139,PCNF-4,8.06,0.0,1770.0,0.721,57.6271186440678,1.62937853107345,1.1,1,SO4,1.2,1.6,15.0,91.3,10.1016/j.apsusc.2020.145384
140,PCNF-4,8.06,0.0,1770.0,0.721,57.6271186440678,1.62937853107345,1.1,1,SO4,1.2,1.6,20.0,85.5,10.1016/j.apsusc.2020.145384
141,PCNF-5,9.3,0.0,1781.0,0.784,53.3408197641774,1.76080853453116,1.18,1,SO4,1.2,1.6,0.5,108.2,10.1016/j.apsusc.2020.145384
142,PCNF-5,9.3,0.0,1781.0,0.784,53.3408197641774,1.76080853453116,1.18,1,SO4,1.2,1.6,1.0,96.6,10.1016/j.apsusc.2020.145384
143,PCNF-5,9.3,0.0,1781.0,0.784,53.3408197641774,1.76080853453116,1.18,1,SO4,1.2,1.6,2.0,86.9,10.1016/j.apsusc.2020.145384
144,PCNF-5,9.3,0.0,1781.0,0.784,53.3408197641774,1.76080853453116,1.18,1,SO4,1.2,1.6,3.0,82.0,10.1016/j.apsusc.2020.145384
145,PCNF-5,9.3,0.0,1781.0,0.784,53.3408197641774,1.76080853453116,1.18,1,SO4,1.2,1.6,4.0,78.7,10.1016/j.apsusc.2020.145384
146,PCNF-5,9.3,0.0,1781.0,0.784,53.3408197641774,1.76080853453116,1.18,1,SO4,1.2,1.6,5.0,75.2,10.1016/j.apsusc.2020.145384
147,PCNF-5,9.3,0.0,1781.0,0.784,53.3408197641774,1.76080853453116,1.18,1,SO4,1.2,1.6,7.0,72.0,10.1016/j.apsusc.2020.145384
148,PCNF-5,9.3,0.0,1781.0,0.784,53.3408197641774,1.76080853453116,1.18,1,SO4,1.2,1.6,10.0,67.1,10.1016/j.apsusc.2020.145384
149,PCNF-5,9.3,0.0,1781.0,0.784,53.3408197641774,1.76080853453116,1.18,1,SO4,1.2,1.6,15.0,60.5,10.1016/j.apsusc.2020.145384
150,PCNF-5,9.3,0.0,1781.0,0.784,53.3408197641774,1.76080853453116,1.18,1,SO4,1.2,1.6,20.0,57.0,10.1016/j.apsusc.2020.145384
151,MSHPC1.5-800,6.99,1.59,2465.9,1.29,0.0,2.09254227665355,0.912,2,SO4,2.0,1.8,0.05,108.5,10.1016/j.est.2023.106900
152,MSHPC1.5-800,6.99,1.59,2465.9,1.29,0.0,2.09254227665355,0.912,2,SO4,2.0,1.8,0.1,85.9,10.1016/j.est.2023.106900
153,MSHPC1.5-800,6.99,1.59,2465.9,1.29,0.0,2.09254227665355,0.912,2,SO4,2.0,1.8,0.2,73.1,10.1016/j.est.2023.106900
154,MSHPC1.5-800,6.99,1.59,2465.9,1.29,0.0,2.09254227665355,0.912,2,SO4,2.0,1.8,0.3,68.7,10.1016/j.est.2023.106900
155,MSHPC1.5-800,6.99,1.59,2465.9,1.29,0.0,2.09254227665355,0.912,2,SO4,2.0,1.8,0.5,65.0,10.1016/j.est.2023.106900
156,MSHPC1.5-800,6.99,1.59,2465.9,1.29,0.0,2.09254227665355,0.912,2,SO4,2.0,1.8,1.0,60.8,10.1016/j.est.2023.106900
157,MSHPC1.5-800,6.99,1.59,2465.9,1.29,0.0,2.09254227665355,0.912,2,SO4,2.0,1.8,2.0,55.3,10.1016/j.est.2023.106900
158,MSHPC1.5-800,6.99,1.59,2465.9,1.29,0.0,2.09254227665355,0.912,2,SO4,2.0,1.8,3.0,52.7,10.1016/j.est.2023.106900
159,MSHPC1.5-800,6.99,1.59,2465.9,1.29,0.0,2.09254227665355,0.912,2,SO4,2.0,1.8,5.0,49.2,10.1016/j.est.2023.106900
160,MSHPC1.5-800,6.99,1.59,2465.9,1.29,0.0,2.09254227665355,0.912,2,SO4,2.0,1.8,10.0,44.5,10.1016/j.est.2023.106900
161,MSHPC1.5-800,6.99,1.59,2465.9,1.29,0.0,2.09254227665355,0.912,2,SO4,2.0,1.8,15.0,41.6,10.1016/j.est.2023.106900
162,MSHPC1.5-800,6.99,1.59,2465.9,1.29,0.0,2.09254227665355,0.912,2,SO4,2.0,1.8,20.0,41.0,10.1016/j.est.2023.106900
163,NTC,3.9,9.7,844.0,0.41,77.3696682464455,1.94312796208531,0.99,1,SO4,1.0,2.0,0.1,189.4,10.1002/adfm.201909725
164,NTC,3.9,9.7,844.0,0.41,77.3696682464455,1.94312796208531,0.99,1,SO4,1.0,2.0,0.2,154.5,10.1002/adfm.201909725
165,NTC,3.9,9.7,844.0,0.41,77.3696682464455,1.94312796208531,0.99,1,SO4,1.0,2.0,0.5,131.5,10.1002/adfm.201909725
166,NTC,3.9,9.7,844.0,0.41,77.3696682464455,1.94312796208531,0.99,1,SO4,1.0,2.0,1.0,130.4,10.1002/adfm.201909725
167,NTC,3.9,9.7,844.0,0.41,77.3696682464455,1.94312796208531,0.99,1,SO4,1.0,2.0,2.0,117.9,10.1002/adfm.201909725
168,NTC,3.9,9.7,844.0,0.41,77.3696682464455,1.94312796208531,0.99,1,SO4,1.0,2.0,3.0,112.3,10.1002/adfm.201909725
169,NTC,3.9,9.7,844.0,0.41,77.3696682464455,1.94312796208531,0.99,1,SO4,1.0,2.0,4.0,107.7,10.1002/adfm.201909725
170,NTC,3.9,9.7,844.0,0.41,77.3696682464455,1.94312796208531,0.99,1,SO4,1.0,2.0,5.0,104.9,10.1002/adfm.201909725
171,NTC,3.9,9.7,844.0,0.41,77.3696682464455,1.94312796208531,0.99,1,SO4,1.0,2.0,7.0,102.2,10.1002/adfm.201909725
172,NTC,3.9,9.7,844.0,0.41,77.3696682464455,1.94312796208531,0.99,1,SO4,1.0,2.0,10.0,100.3,10.1002/adfm.201909725
173,MEHC-1,4.81,1.09,972.4,1.67,22.9020979020979,6.86960098724805,0.82,2,SO4,2.5,1.6,0.2,104.9,10.1016/j.electacta.2021.138170
174,MEHC-1,4.81,1.09,972.4,1.67,22.9020979020979,6.86960098724805,0.82,2,SO4,2.5,1.6,0.5,91.0,10.1016/j.electacta.2021.138170
175,MEHC-1,4.81,1.09,972.4,1.67,22.9020979020979,6.86960098724805,0.82,2,SO4,2.5,1.6,1.0,84.9,10.1016/j.electacta.2021.138170
176,MEHC-1,4.81,1.09,972.4,1.67,22.9020979020979,6.86960098724805,0.82,2,SO4,2.5,1.6,2.0,78.2,10.1016/j.electacta.2021.138170
177,MEHC-1,4.81,1.09,972.4,1.67,22.9020979020979,6.86960098724805,0.82,2,SO4,2.5,1.6,3.0,74.2,10.1016/j.electacta.2021.138170
178,MEHC-1,4.81,1.09,972.4,1.67,22.9020979020979,6.86960098724805,0.82,2,SO4,2.5,1.6,4.0,70.8,10.1016/j.electacta.2021.138170
179,MEHC-1,4.81,1.09,972.4,1.67,22.9020979020979,6.86960098724805,0.82,2,SO4,2.5,1.6,5.0,68.5,10.1016/j.electacta.2021.138170
180,MEHC-1,4.81,1.09,972.4,1.67,22.9020979020979,6.86960098724805,0.82,2,SO4,2.5,1.6,10.0,60.3,10.1016/j.electacta.2021.138170
181,MEHC-1,4.81,1.09,972.4,1.67,22.9020979020979,6.86960098724805,0.82,2,SO4,2.5,1.6,15.0,56.5,10.1016/j.electacta.2021.138170
182,MEHC-1,4.81,1.09,972.4,1.67,22.9020979020979,6.86960098724805,0.82,2,SO4,2.5,1.6,20.0,52.1,10.1016/j.electacta.2021.138170
183,MEHC-1,4.81,1.09,972.4,1.67,22.9020979020979,6.86960098724805,0.82,2,SO4,2.5,1.6,30.0,44.8,10.1016/j.electacta.2021.138170
184,MEHC-3,4.89,1.74,1666.8,2.42,10.6851451883849,5.80753539716823,0.88,2,SO4,2.5,1.6,0.2,132.9,10.1016/j.electacta.2021.138170
185,MEHC-3,4.89,1.74,1666.8,2.42,10.6851451883849,5.80753539716823,0.88,2,SO4,2.5,1.6,0.5,114.4,10.1016/j.electacta.2021.138170
186,MEHC-3,4.89,1.74,1666.8,2.42,10.6851451883849,5.80753539716823,0.88,2,SO4,2.5,1.6,1.0,108.9,10.1016/j.electacta.2021.138170
187,MEHC-3,4.89,1.74,1666.8,2.42,10.6851451883849,5.80753539716823,0.88,2,SO4,2.5,1.6,2.0,99.4,10.1016/j.electacta.2021.138170
188,MEHC-3,4.89,1.74,1666.8,2.42,10.6851451883849,5.80753539716823,0.88,2,SO4,2.5,1.6,3.0,95.6,10.1016/j.electacta.2021.138170
189,MEHC-3,4.89,1.74,1666.8,2.42,10.6851451883849,5.80753539716823,0.88,2,SO4,2.5,1.6,4.0,91.1,10.1016/j.electacta.2021.138170
190,MEHC-3,4.89,1.74,1666.8,2.42,10.6851451883849,5.80753539716823,0.88,2,SO4,2.5,1.6,5.0,89.9,10.1016/j.electacta.2021.138170
191,MEHC-3,4.89,1.74,1666.8,2.42,10.6851451883849,5.80753539716823,0.88,2,SO4,2.5,1.6,10.0,83.3,10.1016/j.electacta.2021.138170
192,MEHC-3,4.89,1.74,1666.8,2.42,10.6851451883849,5.80753539716823,0.88,2,SO4,2.5,1.6,15.0,80.8,10.1016/j.electacta.2021.138170
193,MEHC-3,4.89,1.74,1666.8,2.42,10.6851451883849,5.80753539716823,0.88,2,SO4,2.5,1.6,20.0,76.6,10.1016/j.electacta.2021.138170
194,MEHC-3,4.89,1.74,1666.8,2.42,10.6851451883849,5.80753539716823,0.88,2,SO4,2.5,1.6,30.0,73.3,10.1016/j.electacta.2021.138170
195,MEHC-3,4.89,1.74,1666.8,2.42,10.6851451883849,5.80753539716823,0.88,2,SO4,2.5,1.6,40.0,68.8,10.1016/j.electacta.2021.138170
196,MEHC-3,4.89,1.74,1666.8,2.42,10.6851451883849,5.80753539716823,0.88,2,SO4,2.5,1.6,50.0,65.2,10.1016/j.electacta.2021.138170
197,MEHC-5,6.42,2.75,1301.6,3.04,9.71880762138906,9.34234787953288,0.92,2,SO4,2.5,1.6,0.2,67.8,10.1016/j.electacta.2021.138170
198,MEHC-5,6.42,2.75,1301.6,3.04,9.71880762138906,9.34234787953288,0.92,2,SO4,2.5,1.6,0.5,59.8,10.1016/j.electacta.2021.138170
199,MEHC-5,6.42,2.75,1301.6,3.04,9.71880762138906,9.34234787953288,0.92,2,SO4,2.5,1.6,1.0,56.8,10.1016/j.electacta.2021.138170
200,MEHC-5,6.42,2.75,1301.6,3.04,9.71880762138906,9.34234787953288,0.92,2,SO4,2.5,1.6,2.0,53.2,10.1016/j.electacta.2021.138170
201,MEHC-5,6.42,2.75,1301.6,3.04,9.71880762138906,9.34234787953288,0.92,2,SO4,2.5,1.6,3.0,51.7,10.1016/j.electacta.2021.138170
202,MEHC-5,6.42,2.75,1301.6,3.04,9.71880762138906,9.34234787953288,0.92,2,SO4,2.5,1.6,4.0,49.9,10.1016/j.electacta.2021.138170
203,MEHC-5,6.42,2.75,1301.6,3.04,9.71880762138906,9.34234787953288,0.92,2,SO4,2.5,1.6,5.0,49.2,10.1016/j.electacta.2021.138170
204,MEHC-5,6.42,2.75,1301.6,3.04,9.71880762138906,9.34234787953288,0.92,2,SO4,2.5,1.6,10.0,45.5,10.1016/j.electacta.2021.138170
205,MEHC-5,6.42,2.75,1301.6,3.04,9.71880762138906,9.34234787953288,0.92,2,SO4,2.5,1.6,15.0,43.7,10.1016/j.electacta.2021.138170
206,MEHC-5,6.42,2.75,1301.6,3.04,9.71880762138906,9.34234787953288,0.92,2,SO4,2.5,1.6,20.0,41.1,10.1016/j.electacta.2021.138170
207,MEHC-5,6.42,2.75,1301.6,3.04,9.71880762138906,9.34234787953288,0.92,2,SO4,2.5,1.6,30.0,37.4,10.1016/j.electacta.2021.138170
208,CK,4.77,0.0,1644.0,0.96,57.0833333333333,2.33576642335766,1.06,1,SO4,1.77,1.6,0.1,52.9,10.1039/D1TA03501K
209,CK,4.77,0.0,1644.0,0.96,57.0833333333333,2.33576642335766,1.06,1,SO4,1.77,1.6,0.2,48.7,10.1039/D1TA03501K
210,CK,4.77,0.0,1644.0,0.96,57.0833333333333,2.33576642335766,1.06,1,SO4,1.77,1.6,0.5,43.8,10.1039/D1TA03501K
211,CK,4.77,0.0,1644.0,0.96,57.0833333333333,2.33576642335766,1.06,1,SO4,1.77,1.6,1.0,40.0,10.1039/D1TA03501K
212,CK,4.77,0.0,1644.0,0.96,57.0833333333333,2.33576642335766,1.06,1,SO4,1.77,1.6,2.0,36.5,10.1039/D1TA03501K
213,CK,4.77,0.0,1644.0,0.96,57.0833333333333,2.33576642335766,1.06,1,SO4,1.77,1.6,5.0,31.4,10.1039/D1TA03501K
214,CK,4.77,0.0,1644.0,0.96,57.0833333333333,2.33576642335766,1.06,1,SO4,1.77,1.6,10.0,26.9,10.1039/D1TA03501K
215,CK,4.77,0.0,1644.0,0.96,57.0833333333333,2.33576642335766,1.06,1,SO4,1.77,1.6,20.0,21.4,10.1039/D1TA03501K
216,NOPC,9.1,3.1,1055.0,0.95,36.8421052631579,3.60189573459716,1.06,2,SO4,1.0,1.7,0.1,230.0,10.1016/j.jelechem.2023.117965
217,NOPC,9.1,3.1,1055.0,0.95,36.8421052631579,3.60189573459716,1.06,2,SO4,1.0,1.7,0.2,165.0,10.1016/j.jelechem.2023.117965
218,NOPC,9.1,3.1,1055.0,0.95,36.8421052631579,3.60189573459716,1.06,2,SO4,1.0,1.7,0.5,150.0,10.1016/j.jelechem.2023.117965
219,NOPC,9.1,3.1,1055.0,0.95,36.8421052631579,3.60189573459716,1.06,2,SO4,1.0,1.7,1.0,137.0,10.1016/j.jelechem.2023.117965
220,NOPC,9.1,3.1,1055.0,0.95,36.8421052631579,3.60189573459716,1.06,2,SO4,1.0,1.7,2.0,127.0,10.1016/j.jelechem.2023.117965
221,NOPC,9.1,3.1,1055.0,0.95,36.8421052631579,3.60189573459716,1.06,2,SO4,1.0,1.7,5.0,122.0,10.1016/j.jelechem.2023.117965
222,NOPC,9.1,3.1,1055.0,0.95,36.8421052631579,3.60189573459716,1.06,2,SO4,1.0,1.7,10.0,118.0,10.1016/j.jelechem.2023.117965
223,PGCN,6.1,7.2,1843.0,1.1,30.9090909090909,2.38741182854042,1.01,2,SO4,1.0,1.6,0.5,181.0,10.1016/j.jcis.2024.02.181
224,PGCN,6.1,7.2,1843.0,1.1,30.9090909090909,2.38741182854042,1.01,2,SO4,1.0,1.6,1.0,153.3,10.1016/j.jcis.2024.02.181
225,PGCN,6.1,7.2,1843.0,1.1,30.9090909090909,2.38741182854042,1.01,2,SO4,1.0,1.6,2.0,137.2,10.1016/j.jcis.2024.02.181
226,PGCN,6.1,7.2,1843.0,1.1,30.9090909090909,2.38741182854042,1.01,2,SO4,1.0,1.6,3.0,130.2,10.1016/j.jcis.2024.02.181
227,PGCN,6.1,7.2,1843.0,1.1,30.9090909090909,2.38741182854042,1.01,2,SO4,1.0,1.6,5.0,121.7,10.1016/j.jcis.2024.02.181
228,PGCN,6.1,7.2,1843.0,1.1,30.9090909090909,2.38741182854042,1.01,2,SO4,1.0,1.6,10.0,110.4,10.1016/j.jcis.2024.02.181
229,PGCN,6.1,7.2,1843.0,1.1,30.9090909090909,2.38741182854042,1.01,2,SO4,1.0,1.6,15.0,104.0,10.1016/j.jcis.2024.02.181
230,GCN,4.2,6.3,543.0,0.9,11.1111111111111,6.62983425414365,0.99,2,SO4,1.0,1.6,0.5,110.0,10.1016/j.jcis.2024.02.181
231,GCN,4.2,6.3,543.0,0.9,11.1111111111111,6.62983425414365,0.99,2,SO4,1.0,1.6,1.0,97.8,10.1016/j.jcis.2024.02.181
232,GCN,4.2,6.3,543.0,0.9,11.1111111111111,6.62983425414365,0.99,2,SO4,1.0,1.6,2.0,89.8,10.1016/j.jcis.2024.02.181
233,GCN,4.2,6.3,543.0,0.9,11.1111111111111,6.62983425414365,0.99,2,SO4,1.0,1.6,3.0,84.9,10.1016/j.jcis.2024.02.181
234,GCN,4.2,6.3,543.0,0.9,11.1111111111111,6.62983425414365,0.99,2,SO4,1.0,1.6,5.0,78.4,10.1016/j.jcis.2024.02.181
235,GCN,4.2,6.3,543.0,0.9,11.1111111111111,6.62983425414365,0.99,2,SO4,1.0,1.6,10.0,67.2,10.1016/j.jcis.2024.02.181
236,GCN,4.2,6.3,543.0,0.9,11.1111111111111,6.62983425414365,0.99,2,SO4,1.0,1.6,15.0,58.2,10.1016/j.jcis.2024.02.181
237,PCN,10.8,5.7,1454.0,0.83,10.8433734939759,2.28335625859697,1.05,2,SO4,1.0,1.6,0.5,98.0,10.1016/j.jcis.2024.02.181
238,PCN,10.8,5.7,1454.0,0.83,10.8433734939759,2.28335625859697,1.05,2,SO4,1.0,1.6,1.0,81.7,10.1016/j.jcis.2024.02.181
239,PCN,10.8,5.7,1454.0,0.83,10.8433734939759,2.28335625859697,1.05,2,SO4,1.0,1.6,2.0,72.2,10.1016/j.jcis.2024.02.181
240,PCN,10.8,5.7,1454.0,0.83,10.8433734939759,2.28335625859697,1.05,2,SO4,1.0,1.6,3.0,67.0,10.1016/j.jcis.2024.02.181
241,PCN,10.8,5.7,1454.0,0.83,10.8433734939759,2.28335625859697,1.05,2,SO4,1.0,1.6,5.0,60.7,10.1016/j.jcis.2024.02.181
242,PCN,10.8,5.7,1454.0,0.83,10.8433734939759,2.28335625859697,1.05,2,SO4,1.0,1.6,10.0,50.9,10.1016/j.jcis.2024.02.181
243,PCN,10.8,5.7,1454.0,0.83,10.8433734939759,2.28335625859697,1.05,2,SO4,1.0,1.6,15.0,45.1,10.1016/j.jcis.2024.02.181
244,TB-DA-25,9.33,6.25,1021.0,1.07,67.9725759059745,4.19196865817826,0.84,3,OTf,10.0,1.8,0.2,122.3,10.1016/j.cej.2023.144256
245,TB-DA-25,9.33,6.25,1021.0,1.07,67.9725759059745,4.19196865817826,0.84,3,OTf,10.0,1.8,0.5,108.1,10.1016/j.cej.2023.144256
246,TB-DA-25,9.33,6.25,1021.0,1.07,67.9725759059745,4.19196865817826,0.84,3,OTf,10.0,1.8,1.0,103.8,10.1016/j.cej.2023.144256
247,TB-DA-25,9.33,6.25,1021.0,1.07,67.9725759059745,4.19196865817826,0.84,3,OTf,10.0,1.8,2.0,94.2,10.1016/j.cej.2023.144256
248,TB-DA-25,9.33,6.25,1021.0,1.07,67.9725759059745,4.19196865817826,0.84,3,OTf,10.0,1.8,5.0,85.6,10.1016/j.cej.2023.144256
249,TB-DA-25,9.33,6.25,1021.0,1.07,67.9725759059745,4.19196865817826,0.84,3,OTf,10.0,1.8,10.0,76.0,10.1016/j.cej.2023.144256
250,TB-DA-25,9.33,6.25,1021.0,1.07,67.9725759059745,4.19196865817826,0.84,3,OTf,10.0,1.8,20.0,59.1,10.1016/j.cej.2023.144256
251,TB-DA-50,8.0,8.12,1685.0,1.2,18.8724035608309,2.8486646884273,0.85,3,OTf,10.0,1.8,0.2,153.8,10.1016/j.cej.2023.144256
252,TB-DA-50,8.0,8.12,1685.0,1.2,18.8724035608309,2.8486646884273,0.85,3,OTf,10.0,1.8,0.5,146.9,10.1016/j.cej.2023.144256
253,TB-DA-50,8.0,8.12,1685.0,1.2,18.8724035608309,2.8486646884273,0.85,3,OTf,10.0,1.8,1.0,127.3,10.1016/j.cej.2023.144256
254,TB-DA-50,8.0,8.12,1685.0,1.2,18.8724035608309,2.8486646884273,0.85,3,OTf,10.0,1.8,2.0,117.0,10.1016/j.cej.2023.144256
255,TB-DA-50,8.0,8.12,1685.0,1.2,18.8724035608309,2.8486646884273,0.85,3,OTf,10.0,1.8,5.0,108.7,10.1016/j.cej.2023.144256
256,TB-DA-50,8.0,8.12,1685.0,1.2,18.8724035608309,2.8486646884273,0.85,3,OTf,10.0,1.8,10.0,95.5,10.1016/j.cej.2023.144256
257,TB-DA-50,8.0,8.12,1685.0,1.2,18.8724035608309,2.8486646884273,0.85,3,OTf,10.0,1.8,20.0,82.3,10.1016/j.cej.2023.144256
258,TB-DA-80,9.75,7.83,2370.0,2.18,28.9873417721519,3.67932489451477,0.85,3,OTf,10.0,1.8,0.2,250.0,10.1016/j.cej.2023.144256
259,TB-DA-80,9.75,7.83,2370.0,2.18,28.9873417721519,3.67932489451477,0.85,3,OTf,10.0,1.8,0.5,217.5,10.1016/j.cej.2023.144256
260,TB-DA-80,9.75,7.83,2370.0,2.18,28.9873417721519,3.67932489451477,0.85,3,OTf,10.0,1.8,1.0,184.3,10.1016/j.cej.2023.144256
261,TB-DA-80,9.75,7.83,2370.0,2.18,28.9873417721519,3.67932489451477,0.85,3,OTf,10.0,1.8,2.0,163.5,10.1016/j.cej.2023.144256
262,TB-DA-80,9.75,7.83,2370.0,2.18,28.9873417721519,3.67932489451477,0.85,3,OTf,10.0,1.8,5.0,156.8,10.1016/j.cej.2023.144256
263,TB-DA-80,9.75,7.83,2370.0,2.18,28.9873417721519,3.67932489451477,0.85,3,OTf,10.0,1.8,10.0,151.9,10.1016/j.cej.2023.144256
264,TB-DA-80,9.75,7.83,2370.0,2.18,28.9873417721519,3.67932489451477,0.85,3,OTf,10.0,1.8,20.0,149.2,10.1016/j.cej.2023.144256
265,N-PC,4.41,12.14,494.0,0.27,62.962962962963,2.18623481781377,3.1,2,SO4,1.0,1.6,0.2,138.5,10.1002/adfm.202303205
266,N-PC,4.41,12.14,494.0,0.27,62.962962962963,2.18623481781377,3.1,2,SO4,1.0,1.6,0.5,112.9,10.1002/adfm.202303205
267,N-PC,4.41,12.14,494.0,0.27,62.962962962963,2.18623481781377,3.1,2,SO4,1.0,1.6,1.0,98.1,10.1002/adfm.202303205
268,N-PC,4.41,12.14,494.0,0.27,62.962962962963,2.18623481781377,3.1,2,SO4,1.0,1.6,2.0,89.3,10.1002/adfm.202303205
269,N-PC,4.41,12.14,494.0,0.27,62.962962962963,2.18623481781377,3.1,2,SO4,1.0,1.6,5.0,77.6,10.1002/adfm.202303205
270,N-PC,4.41,12.14,494.0,0.27,62.962962962963,2.18623481781377,3.1,2,SO4,1.0,1.6,10.0,69.0,10.1002/adfm.202303205
271,N-PC,4.41,12.14,494.0,0.27,62.962962962963,2.18623481781377,3.1,2,SO4,1.0,1.6,20.0,61.8,10.1002/adfm.202303205
272,N-PC,4.41,12.14,494.0,0.27,62.962962962963,2.18623481781377,3.1,2,SO4,1.0,1.6,40.0,48.7,10.1002/adfm.202303205
273,N-PC,4.41,12.14,494.0,0.27,62.962962962963,2.18623481781377,3.1,2,SO4,1.0,1.6,60.0,38.7,10.1002/adfm.202303205
274,N-PC,4.41,12.14,494.0,0.27,62.962962962963,2.18623481781377,3.1,2,SO4,1.0,1.6,80.0,28.8,10.1002/adfm.202303205
275,N-HOPC,5.51,5.19,642.0,0.58,15.5172413793103,3.61370716510903,3.5,2,SO4,1.0,1.6,0.2,149.9,10.1002/adfm.202303205
276,N-HOPC,5.51,5.19,642.0,0.58,15.5172413793103,3.61370716510903,3.5,2,SO4,1.0,1.6,0.5,128.2,10.1002/adfm.202303205
277,N-HOPC,5.51,5.19,642.0,0.58,15.5172413793103,3.61370716510903,3.5,2,SO4,1.0,1.6,1.0,112.4,10.1002/adfm.202303205
278,N-HOPC,5.51,5.19,642.0,0.58,15.5172413793103,3.61370716510903,3.5,2,SO4,1.0,1.6,2.0,102.5,10.1002/adfm.202303205
279,N-HOPC,5.51,5.19,642.0,0.58,15.5172413793103,3.61370716510903,3.5,2,SO4,1.0,1.6,5.0,90.9,10.1002/adfm.202303205
280,N-HOPC,5.51,5.19,642.0,0.58,15.5172413793103,3.61370716510903,3.5,2,SO4,1.0,1.6,10.0,83.2,10.1002/adfm.202303205
281,N-HOPC,5.51,5.19,642.0,0.58,15.5172413793103,3.61370716510903,3.5,2,SO4,1.0,1.6,20.0,73.8,10.1002/adfm.202303205
282,N-HOPC,5.51,5.19,642.0,0.58,15.5172413793103,3.61370716510903,3.5,2,SO4,1.0,1.6,40.0,63.3,10.1002/adfm.202303205
283,N-HOPC,5.51,5.19,642.0,0.58,15.5172413793103,3.61370716510903,3.5,2,SO4,1.0,1.6,60.0,55.4,10.1002/adfm.202303205
284,N-HOPC,5.51,5.19,642.0,0.58,15.5172413793103,3.61370716510903,3.5,2,SO4,1.0,1.6,80.0,46.9,10.1002/adfm.202303205
285,YP-50F,7.41,0.53,1398.16,0.79,67.0886075949367,2.27,0.7,1,SO4,1.0,1.6,0.2,94.6,10.1016/j.jcis.2023.05.118
286,YP-50F,7.41,0.53,1398.16,0.79,67.0886075949367,2.27,0.7,1,SO4,1.0,1.6,0.5,84.0,10.1016/j.jcis.2023.05.118
287,YP-50F,7.41,0.53,1398.16,0.79,67.0886075949367,2.27,0.7,1,SO4,1.0,1.6,0.8,80.3,10.1016/j.jcis.2023.05.118
288,YP-50F,7.41,0.53,1398.16,0.79,67.0886075949367,2.27,0.7,1,SO4,1.0,1.6,1.0,77.9,10.1016/j.jcis.2023.05.118
289,YP-50F,7.41,0.53,1398.16,0.79,67.0886075949367,2.27,0.7,1,SO4,1.0,1.6,2.0,75.0,10.1016/j.jcis.2023.05.118
290,YP-50F,7.41,0.53,1398.16,0.79,67.0886075949367,2.27,0.7,1,SO4,1.0,1.6,5.0,71.3,10.1016/j.jcis.2023.05.118
291,YP-50F,7.41,0.53,1398.16,0.79,67.0886075949367,2.27,0.7,1,SO4,1.0,1.6,8.0,67.5,10.1016/j.jcis.2023.05.118
292,YP-50F,7.41,0.53,1398.16,0.79,67.0886075949367,2.27,0.7,1,SO4,1.0,1.6,10.0,65.7,10.1016/j.jcis.2023.05.118
293,SSCR,3.37,0.0,3252.6,3.428,9.94749124854143,4.21570435958925,1.02,1,OTf,1.0,1.6,0.3,98.2,10.1021/acs.chemmater.3c00563
294,SSCR,3.37,0.0,3252.6,3.428,9.94749124854143,4.21570435958925,1.02,1,OTf,1.0,1.6,0.5,94.2,10.1021/acs.chemmater.3c00563
295,SSCR,3.37,0.0,3252.6,3.428,9.94749124854143,4.21570435958925,1.02,1,OTf,1.0,1.6,1.0,89.5,10.1021/acs.chemmater.3c00563
296,SSCR,3.37,0.0,3252.6,3.428,9.94749124854143,4.21570435958925,1.02,1,OTf,1.0,1.6,3.0,80.1,10.1021/acs.chemmater.3c00563
297,SSCR,3.37,0.0,3252.6,3.428,9.94749124854143,4.21570435958925,1.02,1,OTf,1.0,1.6,5.0,76.2,10.1021/acs.chemmater.3c00563
298,SSCR,3.37,0.0,3252.6,3.428,9.94749124854143,4.21570435958925,1.02,1,OTf,1.0,1.6,8.0,73.0,10.1021/acs.chemmater.3c00563
299,SSCR,3.37,0.0,3252.6,3.428,9.94749124854143,4.21570435958925,1.02,1,OTf,1.0,1.6,10.0,67.9,10.1021/acs.chemmater.3c00563
300,SSCR,3.37,0.0,3252.6,3.428,9.94749124854143,4.21570435958925,1.02,1,OTf,1.0,1.6,20.0,61.2,10.1021/acs.chemmater.3c00563
301,SSCR,3.37,0.0,3252.6,3.428,9.94749124854143,4.21570435958925,1.02,1,OTf,1.0,1.6,30.0,56.4,10.1021/acs.chemmater.3c00563
302,SSNCR-700,2.75,0.95,1687.1,1.75,9.2,4.1491316460198,1.11,1,OTf,1.0,1.6,0.3,111.6,10.1021/acs.chemmater.3c00563
303,SSNCR-700,2.75,0.95,1687.1,1.75,9.2,4.1491316460198,1.11,1,OTf,1.0,1.6,0.5,105.1,10.1021/acs.chemmater.3c00563
304,SSNCR-700,2.75,0.95,1687.1,1.75,9.2,4.1491316460198,1.11,1,OTf,1.0,1.6,1.0,102.0,10.1021/acs.chemmater.3c00563
305,SSNCR-700,2.75,0.95,1687.1,1.75,9.2,4.1491316460198,1.11,1,OTf,1.0,1.6,3.0,96.6,10.1021/acs.chemmater.3c00563
306,SSNCR-700,2.75,0.95,1687.1,1.75,9.2,4.1491316460198,1.11,1,OTf,1.0,1.6,5.0,92.4,10.1021/acs.chemmater.3c00563
307,SSNCR-700,2.75,0.95,1687.1,1.75,9.2,4.1491316460198,1.11,1,OTf,1.0,1.6,8.0,90.0,10.1021/acs.chemmater.3c00563
308,SSNCR-700,2.75,0.95,1687.1,1.75,9.2,4.1491316460198,1.11,1,OTf,1.0,1.6,10.0,88.5,10.1021/acs.chemmater.3c00563
309,SSNCR-700,2.75,0.95,1687.1,1.75,9.2,4.1491316460198,1.11,1,OTf,1.0,1.6,20.0,79.9,10.1021/acs.chemmater.3c00563
310,SSNCR-700,2.75,0.95,1687.1,1.75,9.2,4.1491316460198,1.11,1,OTf,1.0,1.6,30.0,72.4,10.1021/acs.chemmater.3c00563
311,SSNCR-800,1.91,2.99,2330.9,2.756,9.50653120464441,4.72950362520915,1.24,1,OTf,1.0,1.6,0.3,125.3,10.1021/acs.chemmater.3c00563
312,SSNCR-800,1.91,2.99,2330.9,2.756,9.50653120464441,4.72950362520915,1.24,1,OTf,1.0,1.6,0.5,117.3,10.1021/acs.chemmater.3c00563
313,SSNCR-800,1.91,2.99,2330.9,2.756,9.50653120464441,4.72950362520915,1.24,1,OTf,1.0,1.6,1.0,115.3,10.1021/acs.chemmater.3c00563
314,SSNCR-800,1.91,2.99,2330.9,2.756,9.50653120464441,4.72950362520915,1.24,1,OTf,1.0,1.6,3.0,105.9,10.1021/acs.chemmater.3c00563
315,SSNCR-800,1.91,2.99,2330.9,2.756,9.50653120464441,4.72950362520915,1.24,1,OTf,1.0,1.6,5.0,99.8,10.1021/acs.chemmater.3c00563
316,SSNCR-800,1.91,2.99,2330.9,2.756,9.50653120464441,4.72950362520915,1.24,1,OTf,1.0,1.6,8.0,97.5,10.1021/acs.chemmater.3c00563
317,SSNCR-800,1.91,2.99,2330.9,2.756,9.50653120464441,4.72950362520915,1.24,1,OTf,1.0,1.6,10.0,94.5,10.1021/acs.chemmater.3c00563
318,SSNCR-800,1.91,2.99,2330.9,2.756,9.50653120464441,4.72950362520915,1.24,1,OTf,1.0,1.6,20.0,88.9,10.1021/acs.chemmater.3c00563
319,SSNCR-800,1.91,2.99,2330.9,2.756,9.50653120464441,4.72950362520915,1.24,1,OTf,1.0,1.6,30.0,83.1,10.1021/acs.chemmater.3c00563
320,SSNCR-900,1.9,1.3,1317.4,1.384,11.1994219653179,4.20221648701989,1.05,1,OTf,1.0,1.6,0.3,107.6,10.1021/acs.chemmater.3c00563
321,SSNCR-900,1.9,1.3,1317.4,1.384,11.1994219653179,4.20221648701989,1.05,1,OTf,1.0,1.6,0.5,103.0,10.1021/acs.chemmater.3c00563
322,SSNCR-900,1.9,1.3,1317.4,1.384,11.1994219653179,4.20221648701989,1.05,1,OTf,1.0,1.6,1.0,99.7,10.1021/acs.chemmater.3c00563
323,SSNCR-900,1.9,1.3,1317.4,1.384,11.1994219653179,4.20221648701989,1.05,1,OTf,1.0,1.6,3.0,91.6,10.1021/acs.chemmater.3c00563
324,SSNCR-900,1.9,1.3,1317.4,1.384,11.1994219653179,4.20221648701989,1.05,1,OTf,1.0,1.6,5.0,88.7,10.1021/acs.chemmater.3c00563
325,SSNCR-900,1.9,1.3,1317.4,1.384,11.1994219653179,4.20221648701989,1.05,1,OTf,1.0,1.6,8.0,82.4,10.1021/acs.chemmater.3c00563
326,SSNCR-900,1.9,1.3,1317.4,1.384,11.1994219653179,4.20221648701989,1.05,1,OTf,1.0,1.6,10.0,79.6,10.1021/acs.chemmater.3c00563
327,SSNCR-900,1.9,1.3,1317.4,1.384,11.1994219653179,4.20221648701989,1.05,1,OTf,1.0,1.6,20.0,71.9,10.1021/acs.chemmater.3c00563
328,SSNCR-900,1.9,1.3,1317.4,1.384,11.1994219653179,4.20221648701989,1.05,1,OTf,1.0,1.6,30.0,63.1,10.1021/acs.chemmater.3c00563
329,LK,9.92,0.0,1667.33,1.23,52.8455284552846,2.95082557142257,1.1,2,SO4,,1.6,0.5,101.2,10.1021/acsaem.3c00851
330,LK,9.92,0.0,1667.33,1.23,52.8455284552846,2.95082557142257,1.1,2,SO4,,1.6,1.0,92.4,10.1021/acsaem.3c00851
331,LK,9.92,0.0,1667.33,1.23,52.8455284552846,2.95082557142257,1.1,2,SO4,,1.6,2.0,84.3,10.1021/acsaem.3c00851
332,LK,9.92,0.0,1667.33,1.23,52.8455284552846,2.95082557142257,1.1,2,SO4,,1.6,3.0,79.8,10.1021/acsaem.3c00851
333,LK,9.92,0.0,1667.33,1.23,52.8455284552846,2.95082557142257,1.1,2,SO4,,1.6,4.0,77.2,10.1021/acsaem.3c00851
334,LK,9.92,0.0,1667.33,1.23,52.8455284552846,2.95082557142257,1.1,2,SO4,,1.6,5.0,75.8,10.1021/acsaem.3c00851
335,LK,9.92,0.0,1667.33,1.23,52.8455284552846,2.95082557142257,1.1,2,SO4,,1.6,10.0,68.2,10.1021/acsaem.3c00851
336,LK,9.92,0.0,1667.33,1.23,52.8455284552846,2.95082557142257,1.1,2,SO4,,1.6,20.0,61.0,10.1021/acsaem.3c00851
337,LKN,9.44,0.8,2295.25,1.63,55.8282208588957,2.84064916675743,1.18,2,SO4,,1.6,0.5,114.1,10.1021/acsaem.3c00851
338,LKN,9.44,0.8,2295.25,1.63,55.8282208588957,2.84064916675743,1.18,2,SO4,,1.6,1.0,103.4,10.1021/acsaem.3c00851
339,LKN,9.44,0.8,2295.25,1.63,55.8282208588957,2.84064916675743,1.18,2,SO4,,1.6,2.0,94.5,10.1021/acsaem.3c00851
340,LKN,9.44,0.8,2295.25,1.63,55.8282208588957,2.84064916675743,1.18,2,SO4,,1.6,3.0,90.0,10.1021/acsaem.3c00851
341,LKN,9.44,0.8,2295.25,1.63,55.8282208588957,2.84064916675743,1.18,2,SO4,,1.6,4.0,86.4,10.1021/acsaem.3c00851
342,LKN,9.44,0.8,2295.25,1.63,55.8282208588957,2.84064916675743,1.18,2,SO4,,1.6,5.0,84.0,10.1021/acsaem.3c00851
343,LKN,9.44,0.8,2295.25,1.63,55.8282208588957,2.84064916675743,1.18,2,SO4,,1.6,10.0,74.4,10.1021/acsaem.3c00851
344,LKN,9.44,0.8,2295.25,1.63,55.8282208588957,2.84064916675743,1.18,2,SO4,,1.6,20.0,62.2,10.1021/acsaem.3c00851
345,MCHCNF,9.71,5.41,670.0,0.72,59.7222222222222,4.29850746268657,1.89,3,OTf,,1.7,0.1,122.4,10.1002/smtd.202300714
346,MCHCNF,9.71,5.41,670.0,0.72,59.7222222222222,4.29850746268657,1.89,3,OTf,,1.7,0.2,92.4,10.1002/smtd.202300714
347,MCHCNF,9.71,5.41,670.0,0.72,59.7222222222222,4.29850746268657,1.89,3,OTf,,1.7,0.5,79.7,10.1002/smtd.202300714
348,MCHCNF,9.71,5.41,670.0,0.72,59.7222222222222,4.29850746268657,1.89,3,OTf,,1.7,1.0,72.7,10.1002/smtd.202300714
349,MCHCNF,9.71,5.41,670.0,0.72,59.7222222222222,4.29850746268657,1.89,3,OTf,,1.7,2.0,68.4,10.1002/smtd.202300714
350,MCHCNF,9.71,5.41,670.0,0.72,59.7222222222222,4.29850746268657,1.89,3,OTf,,1.7,5.0,61.1,10.1002/smtd.202300714
351,MCHCNF,9.71,5.41,670.0,0.72,59.7222222222222,4.29850746268657,1.89,3,OTf,,1.7,10.0,55.7,10.1002/smtd.202300714
352,MCHCNF,9.71,5.41,670.0,0.72,59.7222222222222,4.29850746268657,1.89,3,OTf,,1.7,20.0,49.1,10.1002/smtd.202300714
353,MCHCNF,9.71,5.41,670.0,0.72,59.7222222222222,4.29850746268657,1.89,3,OTf,,1.7,40.0,43.7,10.1002/smtd.202300714
354,MCHCNF,9.71,5.41,670.0,0.72,59.7222222222222,4.29850746268657,1.89,3,OTf,,1.7,50.0,42.2,10.1002/smtd.202300714
355,MCHCNF-1,7.21,3.67,1777.0,1.56,57.6923076923077,3.51153629712999,2.0,3,OTf,,1.7,0.1,153.4,10.1002/smtd.202300714
356,MCHCNF-1,7.21,3.67,1777.0,1.56,57.6923076923077,3.51153629712999,2.0,3,OTf,,1.7,0.2,117.6,10.1002/smtd.202300714
357,MCHCNF-1,7.21,3.67,1777.0,1.56,57.6923076923077,3.51153629712999,2.0,3,OTf,,1.7,0.5,101.3,10.1002/smtd.202300714
358,MCHCNF-1,7.21,3.67,1777.0,1.56,57.6923076923077,3.51153629712999,2.0,3,OTf,,1.7,1.0,93.9,10.1002/smtd.202300714
359,MCHCNF-1,7.21,3.67,1777.0,1.56,57.6923076923077,3.51153629712999,2.0,3,OTf,,1.7,2.0,90.1,10.1002/smtd.202300714
360,MCHCNF-1,7.21,3.67,1777.0,1.56,57.6923076923077,3.51153629712999,2.0,3,OTf,,1.7,5.0,83.1,10.1002/smtd.202300714
361,MCHCNF-1,7.21,3.67,1777.0,1.56,57.6923076923077,3.51153629712999,2.0,3,OTf,,1.7,10.0,77.7,10.1002/smtd.202300714
362,MCHCNF-1,7.21,3.67,1777.0,1.56,57.6923076923077,3.51153629712999,2.0,3,OTf,,1.7,20.0,72.3,10.1002/smtd.202300714
363,MCHCNF-1,7.21,3.67,1777.0,1.56,57.6923076923077,3.51153629712999,2.0,3,OTf,,1.7,40.0,66.9,10.1002/smtd.202300714
364,MCHCNF-1,7.21,3.67,1777.0,1.56,57.6923076923077,3.51153629712999,2.0,3,OTf,,1.7,50.0,64.2,10.1002/smtd.202300714
365,MCHCNF-2,8.35,2.41,2511.0,2.17,43.778801843318,3.45679012345679,2.07,3,OTf,,1.7,0.1,191.4,10.1002/smtd.202300714
366,MCHCNF-2,8.35,2.41,2511.0,2.17,43.778801843318,3.45679012345679,2.07,3,OTf,,1.7,0.2,167.7,10.1002/smtd.202300714
367,MCHCNF-2,8.35,2.41,2511.0,2.17,43.778801843318,3.45679012345679,2.07,3,OTf,,1.7,0.5,149.1,10.1002/smtd.202300714
368,MCHCNF-2,8.35,2.41,2511.0,2.17,43.778801843318,3.45679012345679,2.07,3,OTf,,1.7,1.0,138.4,10.1002/smtd.202300714
369,MCHCNF-2,8.35,2.41,2511.0,2.17,43.778801843318,3.45679012345679,2.07,3,OTf,,1.7,2.0,130.8,10.1002/smtd.202300714
370,MCHCNF-2,8.35,2.41,2511.0,2.17,43.778801843318,3.45679012345679,2.07,3,OTf,,1.7,5.0,123.6,10.1002/smtd.202300714
371,MCHCNF-2,8.35,2.41,2511.0,2.17,43.778801843318,3.45679012345679,2.07,3,OTf,,1.7,10.0,116.7,10.1002/smtd.202300714
372,MCHCNF-2,8.35,2.41,2511.0,2.17,43.778801843318,3.45679012345679,2.07,3,OTf,,1.7,20.0,113.8,10.1002/smtd.202300714
373,MCHCNF-2,8.35,2.41,2511.0,2.17,43.778801843318,3.45679012345679,2.07,3,OTf,,1.7,40.0,105.6,10.1002/smtd.202300714
374,MCHCNF-2,8.35,2.41,2511.0,2.17,43.778801843318,3.45679012345679,2.07,3,OTf,,1.7,50.0,99.9,10.1002/smtd.202300714
375,MCHCNF-3,6.98,2.3,2353.0,2.14,37.8504672897196,3.63790905227369,2.18,3,OTf,,1.7,0.1,158.6,10.1002/smtd.202300714
376,MCHCNF-3,6.98,2.3,2353.0,2.14,37.8504672897196,3.63790905227369,2.18,3,OTf,,1.7,0.2,127.2,10.1002/smtd.202300714
377,MCHCNF-3,6.98,2.3,2353.0,2.14,37.8504672897196,3.63790905227369,2.18,3,OTf,,1.7,0.5,112.1,10.1002/smtd.202300714
378,MCHCNF-3,6.98,2.3,2353.0,2.14,37.8504672897196,3.63790905227369,2.18,3,OTf,,1.7,1.0,104.0,10.1002/smtd.202300714
379,MCHCNF-3,6.98,2.3,2353.0,2.14,37.8504672897196,3.63790905227369,2.18,3,OTf,,1.7,2.0,99.3,10.1002/smtd.202300714
380,MCHCNF-3,6.98,2.3,2353.0,2.14,37.8504672897196,3.63790905227369,2.18,3,OTf,,1.7,5.0,91.6,10.1002/smtd.202300714
381,MCHCNF-3,6.98,2.3,2353.0,2.14,37.8504672897196,3.63790905227369,2.18,3,OTf,,1.7,10.0,86.2,10.1002/smtd.202300714
382,MCHCNF-3,6.98,2.3,2353.0,2.14,37.8504672897196,3.63790905227369,2.18,3,OTf,,1.7,20.0,81.6,10.1002/smtd.202300714
383,MCHCNF-3,6.98,2.3,2353.0,2.14,37.8504672897196,3.63790905227369,2.18,3,OTf,,1.7,40.0,76.1,10.1002/smtd.202300714
384,MCHCNF-3,6.98,2.3,2353.0,2.14,37.8504672897196,3.63790905227369,2.18,3,OTf,,1.7,50.0,73.9,10.1002/smtd.202300714
385,BFCA-a,15.55,2.61,3139.2,1.74,55.7471264367816,2.217125382263,1.02,2,SO4,1.0,1.6,0.1,189.4,10.1016/j.est.2023.108794
386,BFCA-a,15.55,2.61,3139.2,1.74,55.7471264367816,2.217125382263,1.02,2,SO4,1.0,1.6,0.2,155.0,10.1016/j.est.2023.108794
387,BFCA-a,15.55,2.61,3139.2,1.74,55.7471264367816,2.217125382263,1.02,2,SO4,1.0,1.6,0.5,136.6,10.1016/j.est.2023.108794
388,BFCA-a,15.55,2.61,3139.2,1.74,55.7471264367816,2.217125382263,1.02,2,SO4,1.0,1.6,1.0,126.1,10.1016/j.est.2023.108794
389,BFCA-a,15.55,2.61,3139.2,1.74,55.7471264367816,2.217125382263,1.02,2,SO4,1.0,1.6,2.0,117.1,10.1016/j.est.2023.108794
390,BFCA-a,15.55,2.61,3139.2,1.74,55.7471264367816,2.217125382263,1.02,2,SO4,1.0,1.6,3.0,112.5,10.1016/j.est.2023.108794
391,BFCA-a,15.55,2.61,3139.2,1.74,55.7471264367816,2.217125382263,1.02,2,SO4,1.0,1.6,4.0,109.3,10.1016/j.est.2023.108794
392,BFCA-a,15.55,2.61,3139.2,1.74,55.7471264367816,2.217125382263,1.02,2,SO4,1.0,1.6,5.0,106.7,10.1016/j.est.2023.108794
393,BFCA-a,15.55,2.61,3139.2,1.74,55.7471264367816,2.217125382263,1.02,2,SO4,1.0,1.6,7.0,103.6,10.1016/j.est.2023.108794
394,BFCA-a,15.55,2.61,3139.2,1.74,55.7471264367816,2.217125382263,1.02,2,SO4,1.0,1.6,10.0,100.0,10.1016/j.est.2023.108794
395,BFCA-a,15.55,2.61,3139.2,1.74,55.7471264367816,2.217125382263,1.02,2,SO4,1.0,1.6,14.0,97.2,10.1016/j.est.2023.108794
396,BFCA-a,15.55,2.61,3139.2,1.74,55.7471264367816,2.217125382263,1.02,2,SO4,1.0,1.6,20.0,94.2,10.1016/j.est.2023.108794
397,BFCA-a,15.55,2.61,3139.2,1.74,55.7471264367816,2.217125382263,1.02,2,SO4,1.0,1.6,50.0,84.2,10.1016/j.est.2023.108794
398,BFCA-a,15.55,2.61,3139.2,1.74,55.7471264367816,2.217125382263,1.02,2,SO4,1.0,1.6,70.0,66.9,10.1016/j.est.2023.108794
399,BFCA-a,15.55,2.61,3139.2,1.74,55.7471264367816,2.217125382263,1.02,2,SO4,1.0,1.6,100.0,59.4,10.1016/j.est.2023.108794
400,BFCA,12.89,3.05,3224.9,1.93,48.1865284974093,2.39387267822258,0.94,2,SO4,1.0,1.6,0.1,225.3,10.1016/j.est.2023.108794
401,BFCA,12.89,3.05,3224.9,1.93,48.1865284974093,2.39387267822258,0.94,2,SO4,1.0,1.6,0.2,196.8,10.1016/j.est.2023.108794
402,BFCA,12.89,3.05,3224.9,1.93,48.1865284974093,2.39387267822258,0.94,2,SO4,1.0,1.6,0.5,174.3,10.1016/j.est.2023.108794
403,BFCA,12.89,3.05,3224.9,1.93,48.1865284974093,2.39387267822258,0.94,2,SO4,1.0,1.6,1.0,161.1,10.1016/j.est.2023.108794
404,BFCA,12.89,3.05,3224.9,1.93,48.1865284974093,2.39387267822258,0.94,2,SO4,1.0,1.6,2.0,150.8,10.1016/j.est.2023.108794
405,BFCA,12.89,3.05,3224.9,1.93,48.1865284974093,2.39387267822258,0.94,2,SO4,1.0,1.6,3.0,144.4,10.1016/j.est.2023.108794
406,BFCA,12.89,3.05,3224.9,1.93,48.1865284974093,2.39387267822258,0.94,2,SO4,1.0,1.6,4.0,141.2,10.1016/j.est.2023.108794
407,BFCA,12.89,3.05,3224.9,1.93,48.1865284974093,2.39387267822258,0.94,2,SO4,1.0,1.6,5.0,138.6,10.1016/j.est.2023.108794
408,BFCA,12.89,3.05,3224.9,1.93,48.1865284974093,2.39387267822258,0.94,2,SO4,1.0,1.6,7.0,134.0,10.1016/j.est.2023.108794
409,BFCA,12.89,3.05,3224.9,1.93,48.1865284974093,2.39387267822258,0.94,2,SO4,1.0,1.6,10.0,129.3,10.1016/j.est.2023.108794
410,BFCA,12.89,3.05,3224.9,1.93,48.1865284974093,2.39387267822258,0.94,2,SO4,1.0,1.6,14.0,124.5,10.1016/j.est.2023.108794
411,BFCA,12.89,3.05,3224.9,1.93,48.1865284974093,2.39387267822258,0.94,2,SO4,1.0,1.6,20.0,118.7,10.1016/j.est.2023.108794
412,BFCA,12.89,3.05,3224.9,1.93,48.1865284974093,2.39387267822258,0.94,2,SO4,1.0,1.6,50.0,103.0,10.1016/j.est.2023.108794
413,BFCA,12.89,3.05,3224.9,1.93,48.1865284974093,2.39387267822258,0.94,2,SO4,1.0,1.6,70.0,88.8,10.1016/j.est.2023.108794
414,BFCA,12.89,3.05,3224.9,1.93,48.1865284974093,2.39387267822258,0.94,2,SO4,1.0,1.6,100.0,73.8,10.1016/j.est.2023.108794
415,BFCA-b,10.45,2.44,2993.2,1.71,53.2163742690059,2.28517974074569,0.91,2,SO4,1.0,1.6,0.1,193.0,10.1016/j.est.2023.108794
416,BFCA-b,10.45,2.44,2993.2,1.71,53.2163742690059,2.28517974074569,0.91,2,SO4,1.0,1.6,0.2,160.1,10.1016/j.est.2023.108794
417,BFCA-b,10.45,2.44,2993.2,1.71,53.2163742690059,2.28517974074569,0.91,2,SO4,1.0,1.6,0.5,141.2,10.1016/j.est.2023.108794
418,BFCA-b,10.45,2.44,2993.2,1.71,53.2163742690059,2.28517974074569,0.91,2,SO4,1.0,1.6,1.0,129.3,10.1016/j.est.2023.108794
419,BFCA-b,10.45,2.44,2993.2,1.71,53.2163742690059,2.28517974074569,0.91,2,SO4,1.0,1.6,2.0,120.9,10.1016/j.est.2023.108794
420,BFCA-b,10.45,2.44,2993.2,1.71,53.2163742690059,2.28517974074569,0.91,2,SO4,1.0,1.6,3.0,116.7,10.1016/j.est.2023.108794
421,BFCA-b,10.45,2.44,2993.2,1.71,53.2163742690059,2.28517974074569,0.91,2,SO4,1.0,1.6,4.0,112.9,10.1016/j.est.2023.108794
422,BFCA-b,10.45,2.44,2993.2,1.71,53.2163742690059,2.28517974074569,0.91,2,SO4,1.0,1.6,5.0,110.9,10.1016/j.est.2023.108794
423,BFCA-b,10.45,2.44,2993.2,1.71,53.2163742690059,2.28517974074569,0.91,2,SO4,1.0,1.6,7.0,108.3,10.1016/j.est.2023.108794
424,BFCA-b,10.45,2.44,2993.2,1.71,53.2163742690059,2.28517974074569,0.91,2,SO4,1.0,1.6,10.0,104.5,10.1016/j.est.2023.108794
425,BFCA-b,10.45,2.44,2993.2,1.71,53.2163742690059,2.28517974074569,0.91,2,SO4,1.0,1.6,14.0,102.0,10.1016/j.est.2023.108794
426,BFCA-b,10.45,2.44,2993.2,1.71,53.2163742690059,2.28517974074569,0.91,2,SO4,1.0,1.6,20.0,99.4,10.1016/j.est.2023.108794
427,BFCA-b,10.45,2.44,2993.2,1.71,53.2163742690059,2.28517974074569,0.91,2,SO4,1.0,1.6,50.0,91.0,10.1016/j.est.2023.108794
428,BFCA-b,10.45,2.44,2993.2,1.71,53.2163742690059,2.28517974074569,0.91,2,SO4,1.0,1.6,70.0,79.4,10.1016/j.est.2023.108794
429,BFCA-b,10.45,2.44,2993.2,1.71,53.2163742690059,2.28517974074569,0.91,2,SO4,1.0,1.6,100.0,70.2,10.1016/j.est.2023.108794
430,NPCN,6.2,1.6,2691.29,1.77,32.7683615819209,2.63070869360047,1.088,2,SO4,1.1,1.79,0.1,189.3,10.1016/j.electacta.2023.142114
431,NPCN,6.2,1.6,2691.29,1.77,32.7683615819209,2.63070869360047,1.088,2,SO4,1.1,1.79,0.2,160.1,10.1016/j.electacta.2023.142114
432,NPCN,6.2,1.6,2691.29,1.77,32.7683615819209,2.63070869360047,1.088,2,SO4,1.1,1.79,0.5,133.8,10.1016/j.electacta.2023.142114
433,NPCN,6.2,1.6,2691.29,1.77,32.7683615819209,2.63070869360047,1.088,2,SO4,1.1,1.79,1.0,123.8,10.1016/j.electacta.2023.142114
434,NPCN,6.2,1.6,2691.29,1.77,32.7683615819209,2.63070869360047,1.088,2,SO4,1.1,1.79,2.0,116.1,10.1016/j.electacta.2023.142114
435,NPCN,6.2,1.6,2691.29,1.77,32.7683615819209,2.63070869360047,1.088,2,SO4,1.1,1.79,5.0,106.5,10.1016/j.electacta.2023.142114
436,NPCN,6.2,1.6,2691.29,1.77,32.7683615819209,2.63070869360047,1.088,2,SO4,1.1,1.79,10.0,101.1,10.1016/j.electacta.2023.142114
437,NPCN,6.2,1.6,2691.29,1.77,32.7683615819209,2.63070869360047,1.088,2,SO4,1.1,1.79,20.0,96.7,10.1016/j.electacta.2023.142114
438,ORC-700,8.2,0.0,1500.0,0.78,69.2307692307692,2.1,1.01,1,SO4,2.0,1.6,0.5,89.3333333333333,10.1021/acsami.2c13886
439,ORC-700,8.2,0.0,1500.0,0.78,69.2307692307692,2.1,1.01,1,SO4,2.0,1.6,1.0,80.4444444444444,10.1021/acsami.2c13886
440,ORC-700,8.2,0.0,1500.0,0.78,69.2307692307692,2.1,1.01,1,SO4,2.0,1.6,2.0,76.4444444444444,10.1021/acsami.2c13886
441,ORC-700,8.2,0.0,1500.0,0.78,69.2307692307692,2.1,1.01,1,SO4,2.0,1.6,5.0,71.1111111111111,10.1021/acsami.2c13886
442,ORC-700,8.2,0.0,1500.0,0.78,69.2307692307692,2.1,1.01,1,SO4,2.0,1.6,10.0,65.7777777777778,10.1021/acsami.2c13886
443,ORC-700,8.2,0.0,1500.0,0.78,69.2307692307692,2.1,1.01,1,SO4,2.0,1.6,20.0,58.2222222222222,10.1021/acsami.2c13886
444,ORC-700,8.2,0.0,1500.0,0.78,69.2307692307692,2.1,1.01,1,SO4,2.0,1.6,50.0,44.8888888888889,10.1021/acsami.2c13886
445,ORC-700,8.2,0.0,1500.0,0.78,69.2307692307692,2.1,1.01,1,SO4,2.0,1.6,100.0,18.2222222222222,10.1021/acsami.2c13886
446,ORC-800,6.3,0.0,1886.0,0.93,70.9677419354839,1.98,1.04,1,SO4,2.0,1.6,0.5,81.7777777777778,10.1021/acsami.2c13886
447,ORC-800,6.3,0.0,1886.0,0.93,70.9677419354839,1.98,1.04,1,SO4,2.0,1.6,1.0,76.0,10.1021/acsami.2c13886
448,ORC-800,6.3,0.0,1886.0,0.93,70.9677419354839,1.98,1.04,1,SO4,2.0,1.6,2.0,67.1111111111111,10.1021/acsami.2c13886
449,ORC-800,6.3,0.0,1886.0,0.93,70.9677419354839,1.98,1.04,1,SO4,2.0,1.6,5.0,62.2222222222222,10.1021/acsami.2c13886
450,ORC-800,6.3,0.0,1886.0,0.93,70.9677419354839,1.98,1.04,1,SO4,2.0,1.6,10.0,56.4444444444444,10.1021/acsami.2c13886
451,ORC-800,6.3,0.0,1886.0,0.93,70.9677419354839,1.98,1.04,1,SO4,2.0,1.6,20.0,50.6666666666667,10.1021/acsami.2c13886
452,ORC-800,6.3,0.0,1886.0,0.93,70.9677419354839,1.98,1.04,1,SO4,2.0,1.6,50.0,40.8888888888889,10.1021/acsami.2c13886
453,ORC-800,6.3,0.0,1886.0,0.93,70.9677419354839,1.98,1.04,1,SO4,2.0,1.6,100.0,28.4444444444444,10.1021/acsami.2c13886
454,ORC-900,6.8,0.0,1410.0,0.77,63.6363636363636,2.19,1.09,1,SO4,2.0,1.6,0.5,136.888888888889,10.1021/acsami.2c13886
455,ORC-900,6.8,0.0,1410.0,0.77,63.6363636363636,2.19,1.09,1,SO4,2.0,1.6,1.0,113.333333333333,10.1021/acsami.2c13886
456,ORC-900,6.8,0.0,1410.0,0.77,63.6363636363636,2.19,1.09,1,SO4,2.0,1.6,2.0,102.222222222222,10.1021/acsami.2c13886
457,ORC-900,6.8,0.0,1410.0,0.77,63.6363636363636,2.19,1.09,1,SO4,2.0,1.6,5.0,92.4444444444444,10.1021/acsami.2c13886
458,ORC-900,6.8,0.0,1410.0,0.77,63.6363636363636,2.19,1.09,1,SO4,2.0,1.6,10.0,85.7777777777778,10.1021/acsami.2c13886
459,ORC-900,6.8,0.0,1410.0,0.77,63.6363636363636,2.19,1.09,1,SO4,2.0,1.6,20.0,79.1111111111111,10.1021/acsami.2c13886
460,ORC-900,6.8,0.0,1410.0,0.77,63.6363636363636,2.19,1.09,1,SO4,2.0,1.6,50.0,72.0,10.1021/acsami.2c13886
461,ORC-900,6.8,0.0,1410.0,0.77,63.6363636363636,2.19,1.09,1,SO4,2.0,1.6,100.0,61.7777777777778,10.1021/acsami.2c13886
462,ORC-1000,4.3,0.0,1655.0,0.81,71.6049382716049,1.95,1.05,1,SO4,2.0,1.6,0.5,73.3333333333333,10.1021/acsami.2c13886
463,ORC-1000,4.3,0.0,1655.0,0.81,71.6049382716049,1.95,1.05,1,SO4,2.0,1.6,1.0,64.4444444444444,10.1021/acsami.2c13886
464,ORC-1000,4.3,0.0,1655.0,0.81,71.6049382716049,1.95,1.05,1,SO4,2.0,1.6,2.0,59.1111111111111,10.1021/acsami.2c13886
465,ORC-1000,4.3,0.0,1655.0,0.81,71.6049382716049,1.95,1.05,1,SO4,2.0,1.6,5.0,54.6666666666667,10.1021/acsami.2c13886
466,ORC-1000,4.3,0.0,1655.0,0.81,71.6049382716049,1.95,1.05,1,SO4,2.0,1.6,10.0,51.5555555555556,10.1021/acsami.2c13886
467,ORC-1000,4.3,0.0,1655.0,0.81,71.6049382716049,1.95,1.05,1,SO4,2.0,1.6,20.0,45.3333333333333,10.1021/acsami.2c13886
468,ORC-1000,4.3,0.0,1655.0,0.81,71.6049382716049,1.95,1.05,1,SO4,2.0,1.6,50.0,41.7777777777778,10.1021/acsami.2c13886
469,ORC-1000,4.3,0.0,1655.0,0.81,71.6049382716049,1.95,1.05,1,SO4,2.0,1.6,100.0,31.5555555555556,10.1021/acsami.2c13886
470,NHPC,6.15,13.57,1274.8,0.551,71.5063520871143,1.72889865076875,1.97,2,SO4,1.0,1.6,0.5,127.5,10.1002/adma.202203744
471,NHPC,6.15,13.57,1274.8,0.551,71.5063520871143,1.72889865076875,1.97,2,SO4,1.0,1.6,1.0,117.1,10.1002/adma.202203744
472,NHPC,6.15,13.57,1274.8,0.551,71.5063520871143,1.72889865076875,1.97,2,SO4,1.0,1.6,2.0,106.8,10.1002/adma.202203744
473,NHPC,6.15,13.57,1274.8,0.551,71.5063520871143,1.72889865076875,1.97,2,SO4,1.0,1.6,5.0,87.8,10.1002/adma.202203744
474,NHPC,6.15,13.57,1274.8,0.551,71.5063520871143,1.72889865076875,1.97,2,SO4,1.0,1.6,10.0,67.9,10.1002/adma.202203744
475,NHPC,6.15,13.57,1274.8,0.551,71.5063520871143,1.72889865076875,1.97,2,SO4,1.0,1.6,20.0,42.4,10.1002/adma.202203744
476,NHPC,6.15,13.57,1274.8,0.551,71.5063520871143,1.72889865076875,1.97,2,SO4,1.0,1.6,30.0,23.9,10.1002/adma.202203744
477,NHPC,6.15,13.57,1274.8,0.551,71.5063520871143,1.72889865076875,1.97,2,SO4,1.0,1.6,60.0,17.4,10.1002/adma.202203744
478,ANHPC-1,6.82,2.11,3407.6,1.953,29.3906810035842,2.29252259654889,2.41,2,SO4,1.0,1.6,0.5,194.4,10.1002/adma.202203744
479,ANHPC-1,6.82,2.11,3407.6,1.953,29.3906810035842,2.29252259654889,2.41,2,SO4,1.0,1.6,1.0,178.5,10.1002/adma.202203744
480,ANHPC-1,6.82,2.11,3407.6,1.953,29.3906810035842,2.29252259654889,2.41,2,SO4,1.0,1.6,2.0,165.5,10.1002/adma.202203744
481,ANHPC-1,6.82,2.11,3407.6,1.953,29.3906810035842,2.29252259654889,2.41,2,SO4,1.0,1.6,5.0,147.4,10.1002/adma.202203744
482,ANHPC-1,6.82,2.11,3407.6,1.953,29.3906810035842,2.29252259654889,2.41,2,SO4,1.0,1.6,10.0,131.8,10.1002/adma.202203744
483,ANHPC-1,6.82,2.11,3407.6,1.953,29.3906810035842,2.29252259654889,2.41,2,SO4,1.0,1.6,20.0,113.7,10.1002/adma.202203744
484,ANHPC-1,6.82,2.11,3407.6,1.953,29.3906810035842,2.29252259654889,2.41,2,SO4,1.0,1.6,30.0,102.5,10.1002/adma.202203744
485,ANHPC-1,6.82,2.11,3407.6,1.953,29.3906810035842,2.29252259654889,2.41,2,SO4,1.0,1.6,60.0,77.9,10.1002/adma.202203744
486,ANHPC-2,7.48,2.67,3553.1,2.071,26.6537904394013,2.33148518195379,2.79,2,SO4,1.0,1.6,0.5,199.1,10.1002/adma.202203744
487,ANHPC-2,7.48,2.67,3553.1,2.071,26.6537904394013,2.33148518195379,2.79,2,SO4,1.0,1.6,1.0,183.0,10.1002/adma.202203744
488,ANHPC-2,7.48,2.67,3553.1,2.071,26.6537904394013,2.33148518195379,2.79,2,SO4,1.0,1.6,2.0,172.4,10.1002/adma.202203744
489,ANHPC-2,7.48,2.67,3553.1,2.071,26.6537904394013,2.33148518195379,2.79,2,SO4,1.0,1.6,5.0,159.6,10.1002/adma.202203744
490,ANHPC-2,7.48,2.67,3553.1,2.071,26.6537904394013,2.33148518195379,2.79,2,SO4,1.0,1.6,10.0,150.3,10.1002/adma.202203744
491,ANHPC-2,7.48,2.67,3553.1,2.071,26.6537904394013,2.33148518195379,2.79,2,SO4,1.0,1.6,20.0,139.9,10.1002/adma.202203744
492,ANHPC-2,7.48,2.67,3553.1,2.071,26.6537904394013,2.33148518195379,2.79,2,SO4,1.0,1.6,30.0,130.1,10.1002/adma.202203744
493,ANHPC-2,7.48,2.67,3553.1,2.071,26.6537904394013,2.33148518195379,2.79,2,SO4,1.0,1.6,60.0,118.8,10.1002/adma.202203744
494,ANHPC-3,6.93,1.98,3415.3,2.482,15.9951651893634,2.90691886510702,2.82,2,SO4,1.0,1.6,0.5,169.3,10.1002/adma.202203744
495,ANHPC-3,6.93,1.98,3415.3,2.482,15.9951651893634,2.90691886510702,2.82,2,SO4,1.0,1.6,1.0,155.4,10.1002/adma.202203744
496,ANHPC-3,6.93,1.98,3415.3,2.482,15.9951651893634,2.90691886510702,2.82,2,SO4,1.0,1.6,2.0,144.7,10.1002/adma.202203744
497,ANHPC-3,6.93,1.98,3415.3,2.482,15.9951651893634,2.90691886510702,2.82,2,SO4,1.0,1.6,5.0,134.0,10.1002/adma.202203744
498,ANHPC-3,6.93,1.98,3415.3,2.482,15.9951651893634,2.90691886510702,2.82,2,SO4,1.0,1.6,10.0,125.7,10.1002/adma.202203744
499,ANHPC-3,6.93,1.98,3415.3,2.482,15.9951651893634,2.90691886510702,2.82,2,SO4,1.0,1.6,20.0,118.9,10.1002/adma.202203744
500,ANHPC-3,6.93,1.98,3415.3,2.482,15.9951651893634,2.90691886510702,2.82,2,SO4,1.0,1.6,30.0,114.5,10.1002/adma.202203744
501,ANHPC-3,6.93,1.98,3415.3,2.482,15.9951651893634,2.90691886510702,2.82,2,SO4,1.0,1.6,60.0,105.9,10.1002/adma.202203744
502,PCs,10.58,1.47,2290.0,0.93,88.1720430107527,1.62445414847162,0.9567,2,SO4,1.5,1.6,0.1,74.0,10.1039/D3TA07922H
503,PCs,10.58,1.47,2290.0,0.93,88.1720430107527,1.62445414847162,0.9567,2,SO4,1.5,1.6,0.5,60.4,10.1039/D3TA07922H
504,PCs,10.58,1.47,2290.0,0.93,88.1720430107527,1.62445414847162,0.9567,2,SO4,1.5,1.6,1.0,53.6,10.1039/D3TA07922H
505,PCs,10.58,1.47,2290.0,0.93,88.1720430107527,1.62445414847162,0.9567,2,SO4,1.5,1.6,2.0,43.4,10.1039/D3TA07922H
506,PCs,10.58,1.47,2290.0,0.93,88.1720430107527,1.62445414847162,0.9567,2,SO4,1.5,1.6,5.0,37.7,10.1039/D3TA07922H
507,PCs,10.58,1.47,2290.0,0.93,88.1720430107527,1.62445414847162,0.9567,2,SO4,1.5,1.6,10.0,28.2,10.1039/D3TA07922H
508,PCs,10.58,1.47,2290.0,0.93,88.1720430107527,1.62445414847162,0.9567,2,SO4,1.5,1.6,20.0,14.7,10.1039/D3TA07922H
509,A-PCs,14.26,1.82,3166.0,1.7,51.7647058823529,2.14782059380922,1.044,2,SO4,1.5,1.6,0.1,117.1,10.1039/D3TA07922H
510,A-PCs,14.26,1.82,3166.0,1.7,51.7647058823529,2.14782059380922,1.044,2,SO4,1.5,1.6,0.5,93.5,10.1039/D3TA07922H
511,A-PCs,14.26,1.82,3166.0,1.7,51.7647058823529,2.14782059380922,1.044,2,SO4,1.5,1.6,1.0,81.4,10.1039/D3TA07922H
512,A-PCs,14.26,1.82,3166.0,1.7,51.7647058823529,2.14782059380922,1.044,2,SO4,1.5,1.6,2.0,67.0,10.1039/D3TA07922H
513,A-PCs,14.26,1.82,3166.0,1.7,51.7647058823529,2.14782059380922,1.044,2,SO4,1.5,1.6,5.0,58.7,10.1039/D3TA07922H
514,A-PCs,14.26,1.82,3166.0,1.7,51.7647058823529,2.14782059380922,1.044,2,SO4,1.5,1.6,10.0,49.5,10.1039/D3TA07922H
515,A-PCs,14.26,1.82,3166.0,1.7,51.7647058823529,2.14782059380922,1.044,2,SO4,1.5,1.6,20.0,45.8,10.1039/D3TA07922H
516,H-PCs,14.02,1.93,3292.0,1.54,69.4805194805195,1.87120291616039,1.048,2,SO4,1.5,1.6,0.1,142.2,10.1039/D3TA07922H
517,H-PCs,14.02,1.93,3292.0,1.54,69.4805194805195,1.87120291616039,1.048,2,SO4,1.5,1.6,0.5,113.3,10.1039/D3TA07922H
518,H-PCs,14.02,1.93,3292.0,1.54,69.4805194805195,1.87120291616039,1.048,2,SO4,1.5,1.6,1.0,99.4,10.1039/D3TA07922H
519,H-PCs,14.02,1.93,3292.0,1.54,69.4805194805195,1.87120291616039,1.048,2,SO4,1.5,1.6,2.0,85.8,10.1039/D3TA07922H
520,H-PCs,14.02,1.93,3292.0,1.54,69.4805194805195,1.87120291616039,1.048,2,SO4,1.5,1.6,5.0,79.7,10.1039/D3TA07922H
521,H-PCs,14.02,1.93,3292.0,1.54,69.4805194805195,1.87120291616039,1.048,2,SO4,1.5,1.6,10.0,72.2,10.1039/D3TA07922H
522,H-PCs,14.02,1.93,3292.0,1.54,69.4805194805195,1.87120291616039,1.048,2,SO4,1.5,1.6,20.0,66.1,10.1039/D3TA07922H
523,AH-PCs,18.75,2.74,3518.0,1.57,77.7070063694268,1.78510517339397,1.102,2,SO4,1.5,1.6,0.1,166.8,10.1039/D3TA07922H
524,AH-PCs,18.75,2.74,3518.0,1.57,77.7070063694268,1.78510517339397,1.102,2,SO4,1.5,1.6,0.5,141.4,10.1039/D3TA07922H
525,AH-PCs,18.75,2.74,3518.0,1.57,77.7070063694268,1.78510517339397,1.102,2,SO4,1.5,1.6,1.0,132.0,10.1039/D3TA07922H
526,AH-PCs,18.75,2.74,3518.0,1.57,77.7070063694268,1.78510517339397,1.102,2,SO4,1.5,1.6,2.0,116.5,10.1039/D3TA07922H
527,AH-PCs,18.75,2.74,3518.0,1.57,77.7070063694268,1.78510517339397,1.102,2,SO4,1.5,1.6,5.0,108.8,10.1039/D3TA07922H
528,AH-PCs,18.75,2.74,3518.0,1.57,77.7070063694268,1.78510517339397,1.102,2,SO4,1.5,1.6,10.0,98.9,10.1039/D3TA07922H
529,AH-PCs,18.75,2.74,3518.0,1.57,77.7070063694268,1.78510517339397,1.102,2,SO4,1.5,1.6,20.0,86.9,10.1039/D3TA07922H
530,LCVR,2.05,4.25,1141.9,0.575,77.5549522725282,2.01418688151327,1.08,1,OTf,1.5,1.6,0.2,158.044444444444,10.1002/adfm.202405830
531,LCVR,2.05,4.25,1141.9,0.575,77.5549522725282,2.01418688151327,1.08,1,OTf,1.5,1.6,0.3,148.133333333333,10.1002/adfm.202405830
532,LCVR,2.05,4.25,1141.9,0.575,77.5549522725282,2.01418688151327,1.08,1,OTf,1.5,1.6,0.5,139.6,10.1002/adfm.202405830
533,LCVR,2.05,4.25,1141.9,0.575,77.5549522725282,2.01418688151327,1.08,1,OTf,1.5,1.6,1.0,132.622222222222,10.1002/adfm.202405830
534,LCVR,2.05,4.25,1141.9,0.575,77.5549522725282,2.01418688151327,1.08,1,OTf,1.5,1.6,2.0,128.844444444444,10.1002/adfm.202405830
535,LCVR,2.05,4.25,1141.9,0.575,77.5549522725282,2.01418688151327,1.08,1,OTf,1.5,1.6,3.0,121.911111111111,10.1002/adfm.202405830
536,LCVR,2.05,4.25,1141.9,0.575,77.5549522725282,2.01418688151327,1.08,1,OTf,1.5,1.6,5.0,113.866666666667,10.1002/adfm.202405830
537,LCVR,2.05,4.25,1141.9,0.575,77.5549522725282,2.01418688151327,1.08,1,OTf,1.5,1.6,8.0,106.533333333333,10.1002/adfm.202405830
538,LCVR,2.05,4.25,1141.9,0.575,77.5549522725282,2.01418688151327,1.08,1,OTf,1.5,1.6,10.0,102.622222222222,10.1002/adfm.202405830
539,LCVR,2.05,4.25,1141.9,0.575,77.5549522725282,2.01418688151327,1.08,1,OTf,1.5,1.6,20.0,89.1555555555556,10.1002/adfm.202405830
540,LCVR,2.05,4.25,1141.9,0.575,77.5549522725282,2.01418688151327,1.08,1,OTf,1.5,1.6,30.0,80.3111111111111,10.1002/adfm.202405830
541,LNCR,3.55,7.37,933.1,0.38,81.3203300825206,1.62897867323974,1.09,1,OTf,1.5,1.6,0.2,134.133333333333,10.1002/adfm.202405830
542,LNCR,3.55,7.37,933.1,0.38,81.3203300825206,1.62897867323974,1.09,1,OTf,1.5,1.6,0.3,128.711111111111,10.1002/adfm.202405830
543,LNCR,3.55,7.37,933.1,0.38,81.3203300825206,1.62897867323974,1.09,1,OTf,1.5,1.6,0.5,123.777777777778,10.1002/adfm.202405830
544,LNCR,3.55,7.37,933.1,0.38,81.3203300825206,1.62897867323974,1.09,1,OTf,1.5,1.6,1.0,116.933333333333,10.1002/adfm.202405830
545,LNCR,3.55,7.37,933.1,0.38,81.3203300825206,1.62897867323974,1.09,1,OTf,1.5,1.6,2.0,112.177777777778,10.1002/adfm.202405830
546,LNCR,3.55,7.37,933.1,0.38,81.3203300825206,1.62897867323974,1.09,1,OTf,1.5,1.6,3.0,106.533333333333,10.1002/adfm.202405830
547,LNCR,3.55,7.37,933.1,0.38,81.3203300825206,1.62897867323974,1.09,1,OTf,1.5,1.6,5.0,97.8222222222222,10.1002/adfm.202405830
548,LNCR,3.55,7.37,933.1,0.38,81.3203300825206,1.62897867323974,1.09,1,OTf,1.5,1.6,8.0,90.6666666666667,10.1002/adfm.202405830
549,LNCR,3.55,7.37,933.1,0.38,81.3203300825206,1.62897867323974,1.09,1,OTf,1.5,1.6,10.0,86.2666666666667,10.1002/adfm.202405830
550,LNCR,3.55,7.37,933.1,0.38,81.3203300825206,1.62897867323974,1.09,1,OTf,1.5,1.6,20.0,77.0222222222222,10.1002/adfm.202405830
551,LNCR,3.55,7.37,933.1,0.38,81.3203300825206,1.62897867323974,1.09,1,OTf,1.5,1.6,30.0,67.2,10.1002/adfm.202405830
552,HVCR,7.6,3.95,1162.9,0.448,80.9957863960788,1.54097514833606,1.11,1,OTf,1.5,1.6,0.2,118.977777777778,10.1002/adfm.202405830
553,HVCR,7.6,3.95,1162.9,0.448,80.9957863960788,1.54097514833606,1.11,1,OTf,1.5,1.6,0.3,115.244444444444,10.1002/adfm.202405830
554,HVCR,7.6,3.95,1162.9,0.448,80.9957863960788,1.54097514833606,1.11,1,OTf,1.5,1.6,0.5,110.133333333333,10.1002/adfm.202405830
555,HVCR,7.6,3.95,1162.9,0.448,80.9957863960788,1.54097514833606,1.11,1,OTf,1.5,1.6,1.0,103.644444444444,10.1002/adfm.202405830
556,HVCR,7.6,3.95,1162.9,0.448,80.9957863960788,1.54097514833606,1.11,1,OTf,1.5,1.6,2.0,97.6888888888889,10.1002/adfm.202405830
557,HVCR,7.6,3.95,1162.9,0.448,80.9957863960788,1.54097514833606,1.11,1,OTf,1.5,1.6,3.0,93.9555555555556,10.1002/adfm.202405830
558,HVCR,7.6,3.95,1162.9,0.448,80.9957863960788,1.54097514833606,1.11,1,OTf,1.5,1.6,5.0,88.2666666666667,10.1002/adfm.202405830
559,HVCR,7.6,3.95,1162.9,0.448,80.9957863960788,1.54097514833606,1.11,1,OTf,1.5,1.6,8.0,80.8,10.1002/adfm.202405830
560,HVCR,7.6,3.95,1162.9,0.448,80.9957863960788,1.54097514833606,1.11,1,OTf,1.5,1.6,10.0,76.4,10.1002/adfm.202405830
561,HVCR,7.6,3.95,1162.9,0.448,80.9957863960788,1.54097514833606,1.11,1,OTf,1.5,1.6,20.0,68.7111111111111,10.1002/adfm.202405830
562,HVCR,7.6,3.95,1162.9,0.448,80.9957863960788,1.54097514833606,1.11,1,OTf,1.5,1.6,30.0,60.0,10.1002/adfm.202405830
563,LSPB-K-4,8.8,0.93,1207.26,0.55,70.9090909090909,1.8,1.05,1,SO4,3.0,1.6,0.2,77.845,10.1016/j.jpowsour.2024.235523
564,LSPB-K-4,8.8,0.93,1207.26,0.55,70.9090909090909,1.8,1.05,1,SO4,3.0,1.6,0.5,73.751,10.1016/j.jpowsour.2024.235523
565,LSPB-K-4,8.8,0.93,1207.26,0.55,70.9090909090909,1.8,1.05,1,SO4,3.0,1.6,0.8,69.751,10.1016/j.jpowsour.2024.235523
566,LSPB-K-4,8.8,0.93,1207.26,0.55,70.9090909090909,1.8,1.05,1,SO4,3.0,1.6,1.0,67.186,10.1016/j.jpowsour.2024.235523
567,LSPB-K-4,8.8,0.93,1207.26,0.55,70.9090909090909,1.8,1.05,1,SO4,3.0,1.6,2.0,59.587,10.1016/j.jpowsour.2024.235523
568,LSPB-K-4,8.8,0.93,1207.26,0.55,70.9090909090909,1.8,1.05,1,SO4,3.0,1.6,5.0,49.14,10.1016/j.jpowsour.2024.235523
569,LSPB-K-4,8.8,0.93,1207.26,0.55,70.9090909090909,1.8,1.05,1,SO4,3.0,1.6,8.0,43.634,10.1016/j.jpowsour.2024.235523
570,LSPB-K-4,8.8,0.93,1207.26,0.55,70.9090909090909,1.8,1.05,1,SO4,3.0,1.6,10.0,39.446,10.1016/j.jpowsour.2024.235523
571,BLC-800,4.8,1.3,2186.0,1.0,67.0,1.83,1.02,1,SO4,3.0,1.6,0.5,108.5,10.1016/j.jcis.2024.07.056
572,BLC-800,4.8,1.3,2186.0,1.0,67.0,1.83,1.02,1,SO4,3.0,1.6,1.0,96.3,10.1016/j.jcis.2024.07.056
573,BLC-800,4.8,1.3,2186.0,1.0,67.0,1.83,1.02,1,SO4,3.0,1.6,2.0,85.3,10.1016/j.jcis.2024.07.056
574,BLC-800,4.8,1.3,2186.0,1.0,67.0,1.83,1.02,1,SO4,3.0,1.6,5.0,83.4,10.1016/j.jcis.2024.07.056
575,BLC-800,4.8,1.3,2186.0,1.0,67.0,1.83,1.02,1,SO4,3.0,1.6,10.0,72.9,10.1016/j.jcis.2024.07.056
576,BLC-800,4.8,1.3,2186.0,1.0,67.0,1.83,1.02,1,SO4,3.0,1.6,20.0,66.5,10.1016/j.jcis.2024.07.056
577, CG-2,6.1,2.34,2702.3,1.81,19.3370165745856,2.6791992006809,1.46,1,SO4,1.0,1.6,0.2,209.1,10.1039/D4TA02529F
578, CG-2,6.1,2.34,2702.3,1.81,19.3370165745856,2.6791992006809,1.46,1,SO4,1.0,1.6,0.5,184.1,10.1039/D4TA02529F
579, CG-2,6.1,2.34,2702.3,1.81,19.3370165745856,2.6791992006809,1.46,1,SO4,1.0,1.6,1.0,168.0,10.1039/D4TA02529F
580, CG-2,6.1,2.34,2702.3,1.81,19.3370165745856,2.6791992006809,1.46,1,SO4,1.0,1.6,2.0,155.1,10.1039/D4TA02529F
581, CG-2,6.1,2.34,2702.3,1.81,19.3370165745856,2.6791992006809,1.46,1,SO4,1.0,1.6,5.0,140.8,10.1039/D4TA02529F
582, CG-2,6.1,2.34,2702.3,1.81,19.3370165745856,2.6791992006809,1.46,1,SO4,1.0,1.6,10.0,117.2,10.1039/D4TA02529F
583, CG-2,6.1,2.34,2702.3,1.81,19.3370165745856,2.6791992006809,1.46,1,SO4,1.0,1.6,20.0,105.7,10.1039/D4TA02529F
584,NPC-5,11.38,8.71,499.8,0.5043,20.4881952781112,4.04,1.07,2,SO4,3.0,1.6,0.1,115.44,10.1016/j.est.2024.113148
585,NPC-5,11.38,8.71,499.8,0.5043,20.4881952781112,4.04,1.07,2,SO4,3.0,1.6,0.2,104.4,10.1016/j.est.2024.113148
586,NPC-5,11.38,8.71,499.8,0.5043,20.4881952781112,4.04,1.07,2,SO4,3.0,1.6,0.5,96.6,10.1016/j.est.2024.113148
587,NPC-5,11.38,8.71,499.8,0.5043,20.4881952781112,4.04,1.07,2,SO4,3.0,1.6,0.8,93.1,10.1016/j.est.2024.113148
588,NPC-5,11.38,8.71,499.8,0.5043,20.4881952781112,4.04,1.07,2,SO4,3.0,1.6,1.0,90.1,10.1016/j.est.2024.113148
589,NPC-5,11.38,8.71,499.8,0.5043,20.4881952781112,4.04,1.07,2,SO4,3.0,1.6,2.0,84.7,10.1016/j.est.2024.113148
590,NPC-5,11.38,8.71,499.8,0.5043,20.4881952781112,4.04,1.07,2,SO4,3.0,1.6,5.0,75.5,10.1016/j.est.2024.113148
591,NPC-5,11.38,8.71,499.8,0.5043,20.4881952781112,4.04,1.07,2,SO4,3.0,1.6,8.0,69.4,10.1016/j.est.2024.113148
592,NPC-5,11.38,8.71,499.8,0.5043,20.4881952781112,4.04,1.07,2,SO4,3.0,1.6,10.0,66.4,10.1016/j.est.2024.113148
593,C-0,8.21,0.0,747.93,0.6,40.0,3.19,0.93,3,SO4,2.2,1.6,0.05,35.6,10.1016/j.apsusc.2022.156021
594,C-0,8.21,0.0,747.93,0.6,40.0,3.19,0.93,3,SO4,2.2,1.6,0.1,26.8,10.1016/j.apsusc.2022.156021
595,C-0,8.21,0.0,747.93,0.6,40.0,3.19,0.93,3,SO4,2.2,1.6,0.25,22.1,10.1016/j.apsusc.2022.156021
596,C-0,8.21,0.0,747.93,0.6,40.0,3.19,0.93,3,SO4,2.2,1.6,0.3,20.1,10.1016/j.apsusc.2022.156021
597,C-0,8.21,0.0,747.93,0.6,40.0,3.19,0.93,3,SO4,2.2,1.6,0.5,18.1,10.1016/j.apsusc.2022.156021
598,C-0,8.21,0.0,747.93,0.6,40.0,3.19,0.93,3,SO4,2.2,1.6,1.0,16.5,10.1016/j.apsusc.2022.156021
599,C-0,8.21,0.0,747.93,0.6,40.0,3.19,0.93,3,SO4,2.2,1.6,2.0,15.8,10.1016/j.apsusc.2022.156021
600,C-0,8.21,0.0,747.93,0.6,40.0,3.19,0.93,3,SO4,2.2,1.6,3.0,13.1,10.1016/j.apsusc.2022.156021
601,C-500,7.83,0.0,573.76,0.92,6.52,6.4,0.91,3,SO4,2.2,1.6,0.05,44.1,10.1016/j.apsusc.2022.156021
602,C-500,7.83,0.0,573.76,0.92,6.52,6.4,0.91,3,SO4,2.2,1.6,0.1,34.8,10.1016/j.apsusc.2022.156021
603,C-500,7.83,0.0,573.76,0.92,6.52,6.4,0.91,3,SO4,2.2,1.6,0.25,28.6,10.1016/j.apsusc.2022.156021
604,C-500,7.83,0.0,573.76,0.92,6.52,6.4,0.91,3,SO4,2.2,1.6,0.3,26.2,10.1016/j.apsusc.2022.156021
605,C-500,7.83,0.0,573.76,0.92,6.52,6.4,0.91,3,SO4,2.2,1.6,0.5,23.3,10.1016/j.apsusc.2022.156021
606,C-500,7.83,0.0,573.76,0.92,6.52,6.4,0.91,3,SO4,2.2,1.6,1.0,20.5,10.1016/j.apsusc.2022.156021
607,C-500,7.83,0.0,573.76,0.92,6.52,6.4,0.91,3,SO4,2.2,1.6,2.0,18.4,10.1016/j.apsusc.2022.156021
608,C-500,7.83,0.0,573.76,0.92,6.52,6.4,0.91,3,SO4,2.2,1.6,3.0,17.5,10.1016/j.apsusc.2022.156021
609,C-500,7.83,0.0,573.76,0.92,6.52,6.4,0.91,3,SO4,2.2,1.6,5.0,16.4,10.1016/j.apsusc.2022.156021
610,C-500,7.83,0.0,573.76,0.92,6.52,6.4,0.91,3,SO4,2.2,1.6,10.0,15.3,10.1016/j.apsusc.2022.156021
611,C-500,7.83,0.0,573.76,0.92,6.52,6.4,0.91,3,SO4,2.2,1.6,15.0,14.3,10.1016/j.apsusc.2022.156021
612,C-500,7.83,0.0,573.76,0.92,6.52,6.4,0.91,3,SO4,2.2,1.6,20.0,14.0,10.1016/j.apsusc.2022.156021
613,C-800,5.12,0.0,907.91,0.68,40.0,3.0,0.89,3,SO4,2.2,1.6,0.05,114.5,10.1016/j.apsusc.2022.156021
614,C-800,5.12,0.0,907.91,0.68,40.0,3.0,0.89,3,SO4,2.2,1.6,0.1,90.6,10.1016/j.apsusc.2022.156021
615,C-800,5.12,0.0,907.91,0.68,40.0,3.0,0.89,3,SO4,2.2,1.6,0.25,78.6,10.1016/j.apsusc.2022.156021
616,C-800,5.12,0.0,907.91,0.68,40.0,3.0,0.89,3,SO4,2.2,1.6,0.3,72.9,10.1016/j.apsusc.2022.156021
617,C-800,5.12,0.0,907.91,0.68,40.0,3.0,0.89,3,SO4,2.2,1.6,0.5,67.8,10.1016/j.apsusc.2022.156021
618,C-800,5.12,0.0,907.91,0.68,40.0,3.0,0.89,3,SO4,2.2,1.6,1.0,62.1,10.1016/j.apsusc.2022.156021
619,C-800,5.12,0.0,907.91,0.68,40.0,3.0,0.89,3,SO4,2.2,1.6,2.0,58.1,10.1016/j.apsusc.2022.156021
620,C-800,5.12,0.0,907.91,0.68,40.0,3.0,0.89,3,SO4,2.2,1.6,3.0,55.5,10.1016/j.apsusc.2022.156021
621,C-800,5.12,0.0,907.91,0.68,40.0,3.0,0.89,3,SO4,2.2,1.6,5.0,51.9,10.1016/j.apsusc.2022.156021
622,C-800,5.12,0.0,907.91,0.68,40.0,3.0,0.89,3,SO4,2.2,1.6,10.0,47.0,10.1016/j.apsusc.2022.156021
623,C-800,5.12,0.0,907.91,0.68,40.0,3.0,0.89,3,SO4,2.2,1.6,15.0,43.5,10.1016/j.apsusc.2022.156021
624,C-800,5.12,0.0,907.91,0.68,40.0,3.0,0.89,3,SO4,2.2,1.6,20.0,41.4,10.1016/j.apsusc.2022.156021
